hau_000000|Taswirar mutum ne yana buga kwallo.
hau_000001|Rabi sau dari= shi ne hamsin.
hau_000003|Wannan saniya ce mai launin fari da baki.
hau_000083|keke mai launin bak'i
hau_000084|Kare mai launin bak'i na wasa da kwallo.
hau_000085|Dogon kogi.
hau_000086|Hudu sau biyar zai bada ashirin.
hau_000087|Tsutsa ta ratsa tumaturi mai launin ja.
hau_000088|Sha biyu sau hudu ya zama arba'in da takwas.
hau_000089|Dabbobi masu sauri.
hau_000090|Tuffa guda biyu mai launin kore an raba guda a ciki
hau_000091|Dogon dutse.
hau_000092|Yarinya mai shekara shida ta samu nasarar karatu a matakin karatu na shida.
hau_000093|Watannin shekara.
hau_000094|An zura kwallaye da dama a gasar kwallo.
hau_000095|Sha daya a hada uku ya zama sha hudu.
hau_000096|Takwas sau tara ya zama saba'in da biyu..
hau_000097|Duniya a cikin tsarin hasken rana.
hau_000098|Batun iyali
hau_000099|Alamar tsuntsaye guda uku da furanni uku masu launukan ja da kore.
hau_000100|Sittin a raba gida uku ya zama ashirin.
hau_000101|Goma sau goma ya zama dari.
hau_000102|Shida a hada da bakwai ya zama sha uku.
hau_000103|Miliyan daya sau daya a cikin biyar ya zama dubu dari biyu.
hau_000104|Daya a hada da biyu ya zama uku.
hau_000105|Kare mai shekara hudu na iya gano gidan mai gidansa a rukunin gidaje na hudu.
hau_000106|Uku a cikin hudu sau dari da ashirin ya zama casa’in.
hau_000107|Yanayi wayewar gari na iya zama da zafi idan ka samu ma'aunin selshiyos ya kai daga 40C zuwa sama..
hau_000108|Bakwai sau takwas ya zama hamsin shida.
hau_000109|Adama tana da ƙoƙarin karatu a Jami’ar Bayero da ke Kano.
hau_000110|Ali ya kasance mazaunin Zaria ne a cikin Jihar Kaduna.
hau_000111|Dari sau daya a cikin hudu ya zama ashirin da biyar.
hau_000112|Farida ta samu nasarar jarrabawar shiga jami’a
hau_000113|Biyu a cikin biyar sau tamanin ya zama talatin biyu.
hau_000114|Yakubu da Musa suna wasan ƙwallon ƙafa a filin wasa na ƙasa da ke Abuja.
hau_000115|Daya a cikin goma sau miliyan daya ya zama dubu dari..
hau_000116|Doki na gudu mai launin jar gurar a cikin da'ira mai launin rawaya.
hau_000117|Dattijo mai shekara sittin ya yi murnar zagayowar ranar haihuwarsa ta cika shekara sittin da haihuwa..
hau_000118|Yanayi wayewar gari na iya zama da sanyi sosai idan aka samu ma'aunin selshiyos idan bai kai 10C.
hau_000119|Moda da ake amfani dashi don shayi daya bayan daya guda hudu.
hau_000120|Idan aka wayi gari aka samu ma'aunin selshiyos ya kai 80 degree ko kuma ya kai daga 20C zuwa fiye da haka.
hau_000121|Za a iya samun ruwan sama a wayewar gari idan ma'aunin selshiyos yana tsakanin 24C zuwa 33C.
hau_000122|Sadiya na cin abincin da ta girka kullum da yamma.
hau_000123|Za a iya samun iska a wayewar gari idan aka samu makin ma'aunin selshiyos ya yi kasa da 17C zuwa 18C.
hau_000124|Daya a cikin biyu a hada da daya a cikin shida ya zama biyu a cikin uku.
hau_000125|A wasu kashen idan aka samu makin ma'aunin selshiyos ya yi kasa da 35C.
hau_000126|Sha daya sau dari da goma ya zama dubu daya da dari biyu da goma.
hau_000127|A duk lokacin da aka samu sauyin yanayi ma'aunin selshiyos na sauyawa yana iya kaiwa 2C ko kuma ya gaza hakan.
hau_000244|Ka tuna zamu tsaya a Lekki Tall Gate.
hau_000245|Yau gidansu Tanko mukaje aka bamu garau-garau da manja da Salak.
hau_000246|Dari a raba ta gida hudu ashirin da biyar kenan.
hau_000247|Mawakin Davido ya sayi gida mai tsada a Banana Island.
hau_000248|Munzali Sunusi ne ya fara zuwa Umara a unguwar mu
hau_000249|Shagon yana daga gefen filin parking kofar gabas.
hau_000250|A Dajin Sambisa ne aka kashe wani babban soja
hau_000251|Kunun nasu yayi zafi dayawa gwara mu bari ya huce tukunna.
hau_000252|Milliyan daya a rabata gida biyar shine dubu dari biyu.
hau_000253|Muhammadu Buhari ya koma Katsina kamar yadda ya ambata zaiyi
hau_000254|Ta bodar kwatano aka shigo da kayan
hau_000255|Fatima Taura bata amince da wannan shawarar tamu ba.
hau_000256|Dogayen korama biyu ne suke bamu ruwan sha a garin nan.
hau_000257|Shugaban kasar Nigeria a yanzu shine Bola Ahmed Tinubu
hau_000258|An fatattaki yan ta'adda a wani sansani a kasar Cadi
hau_000259|Yau za'aje Goron Dutse da kai?
hau_000260|Baban su Helen yana son dangwalar miyar tankwa da Biredi dalilin yajinta.
hau_000261|Olusegun Obasanjo shine ya fara karbar mulki na farar hula a Nigeria
hau_000262|Kogin Hadejia ya hade ne dana Auyo da Miga har zuwa Tafkin Chad.
hau_000263|Zan tafi da dalibai guda shida. Wani malami sai ya taho da ragowar shidan daga baya.
hau_000264|A Dajin Yankari muka hangi wata bishiya mai tsahon gaske.
hau_000265|Wadanda yafi kowa cin jarrabawa aka bawa kyautar kudade shine Madu Ali.
hau_000266|Shugaba Umaru Musa yar'aduwa ya gaza kaiwa karshen wa'adin mulkin sa ya rasu
hau_000267|Za'a bada kyautar waya ga wanda yazo na uku. Salisu ne yazo na uku sai aka bashi kyautar.
hau_000268|Zaka tarar da masu saida Dabino a bakin gada. Daga kudu maso yamma akwai wani mai kanti.
hau_000269|Tsauni na farko wanda yafi ko wanne tsayi a duniya sunan sa Everest.
hau_000270|Anci kwallaye dayawa a kashin farko na wasan. Tun a kashin farkon wasan aka kori dan wasa guda daya.
hau_000271|Katsina sunfi kowa yawan mabiya addinin Musulunci. Kasar Daura tanada abubuwan tarihi masu ban kayatarwa.
hau_000272|Kalidu Dankwai ne yazo na karshe a gasar.
hau_000273|Mutum ashirn ne suka halacci taron. Wasu kungiyoyi ashirin ne suka wakilci ragowar mutanen da aka gayyata
hau_000274|An yi wa shugaban kasar Nijar Muhammad Bazoum juyin mulki kwanaki
hau_000275|Daya a raba ta gida shida sai a tara da rabi zai bada biyu bisa uku.
hau_000276|Rijiyar Kusugu tanada dumbin tarihi. A garin Daura aka kashe wata Macijiya
hau_000277|Rebecca ta dauki Tufa guda takwas. Kuma takwas din sunyi mata yawa ita kadai.
hau_000278|Wata fura suka sha suka kasa aiki suna ta bacci.
hau_000279|Yau biredin Wellcare zanci. Wellcare tana kan titin Hadejia kusa da Bompai.
hau_000280|Muharram shine watan farko a kalandar musulinci. A farkon sa na fara azumin ramuwa ta
hau_000281|Kano tafi ko ina yawan gadoji a Najeriya. Gadar Na'ibawa tana kudu da garin Kano
hau_000282|Gidan yana kan titin Jaba dake Ungoggo. Jaba ta kasance tafi ko ina yawan Kabilu a Kano
hau_000283|A garin Bauchi ne akeyin waina Masa. Idan ka taho yamma da kofar Zango ake sayarwa.
hau_000284|Duk waɗannan an haife su a matsayin 'ya'yan 'yanci. Suna da hankali, don haka ana son duk mu'amalar da za su yi, akwai 'yan uwantaka a tsakani.
hau_000285|A zaben shekarar 2015 Goodluck Ebele Jonathan ya fadi zaben shugaban kasa
hau_000286|Dazukan Nigeria sun hada boda dana kasar Kyamaru
hau_000287|Samarin da suka shigo a farko sune wakilan angon. Wadanda suka zo da wuri sune a farkon daurawa
hau_000288|Wacce kasa ce tafi ko wacce hada iyaka da Nigeria? Kasar Nijar tafi hada iyaka da Nigeria fiye da ko wacce kasa a Africa.
hau_000289|Mercury itace duniya ta farko a kusa da rana. Ta kasan ce ta farko a wadda tafi ko wacce Zafi
hau_000290|A wanne guri akafi hawa motar daza aje garin Plateu? Ana hawa motar Plateu ne a tashar filin parking.
hau_000291|An samu wanda ya taba lashe kyautar ta Grammy a Nigeria? Wizkid yaci kyautar Grammy a shekarar dubu biyu da ashirin da biyu.
hau_000292|A wanne guri Bayajidda ya Kashe Macijia? Bayajidda ya kashe Macijia ne a garin Daura a Rijiyar Kusugu.
hau_000293|A wacce shekara Umaru Musa Yar'aduwa ya karbi mulkin Nigeria? Yar'aduwa yayi mulki ne daga shekarar dubu biyu da bakwai zuwa ta dubu biyu da tara.
hau_000294|A kauyen su Habibu ana shan Kunu ne da wani abu mai suna Ludayin dima ba kamar yadda ake sha da bakin kofi ba.
hau_000295|Musa yana iya minti sha biyar yana Sallah kafin su koma aji. Duk da haka minti sha biyar din baya isar sa
hau_000325|Rabin dari shi ne  hamsin
hau_000326|Daya bisan ukun Sittin shi ne ashirin
hau_000327|Kore Alwatika a saman da'ira shud'i.
hau_000328|Da'ira launin blue a tsakiyar a tsakiyar zane guda biyu masu launin rawaya.
hau_000329|Goma sau goma ya zama dari.
hau_000330|Daya bisan ashirin shi ne biyar
hau_000331|Nunannen tumatir a gefen karas.
hau_000332|Kwallo mai launin baki da fari a cikin raga.
hau_000333|Lemun zak'I biyu da rabi.
hau_000334|Saniya na kiwo a cikin rana gefen bishiya tana cin korayen ciyayi
hau_000335|Shida a hada da bakwai ya zama sha uku
hau_000336|Tsubin litattafai ke nan aje a wuri guda
hau_000337|Zanen keke mai launin baki wulik
hau_000338|Da'ira mai launin ruwan toka da alamar tauraro fari a cikinta
hau_000339|Zanen tsauni da korayen bishiyoyi da ciyayi
hau_000340|Sittin a raba biyu ya kama talatin
hau_000341|Wata ya haske ruwa fes
hau_000342|Bakwai sau takwas ya zama hamsin shida.
hau_000343|Zabibin da'ira a cikin ruwan kasar Alwatika
hau_000344|zabibin allo mai dauke wasu alamu masu launin farar kasa
hau_000345|Zanen wani yaro mai launin baki na wasa da bakar kwallo
hau_000346|Zanen uwa da uba da 'da a tsakiya launin baki
hau_000347|Da'ira da zanen murabba'I guda uku masu launin rawaya a kicinta
hau_000348|Zanen hudowar rana mai launin rawaya
hau_000349|Ga wani koren tuffa daya da rabi
hau_000350|Hudu sau biyar zai bada ashirin
hau_000351|Budadden taga da wani mashukin bishiyoyi.
hau_000352|Sha daya a hada uku ya zama sha hudu
hau_000353|Daya bisa hudun dari shi ne ashirin da biyar
hau_000354|Daya bisa goma da miliyan guda shi ne dubu dari.
hau_000355|Zanen siffar zuciya a kan wani kututture mai ruwan rawaya
hau_000356|Korama a tsakanin wani tsauni mai ciyayi koraye a bayan wani tsauni blue
hau_000357|Za a samu sauyin yanayi idan Allah Ya kaimu.
hau_000358|Zanen alwatika biyu masu launin bak'i sun sanya zabibiyar da'ira a tsakiya .
hau_000359|Ana sa ran a samu iska mai karfi da safiyar gobe Asabar
hau_000360|Budadden taga da wani ma'ajiyin shuka launin rawaya koren ganye
hau_000361|Uku bisa hudu sau dari da ashirin shi ne casa’in
hau_000362|Daya a tara da biyu ya zama uku.
hau_000363|Hasashen yanayin dare
hau_000364|Zanen doki na sukuwa a gaban zanen rana mai launin rawaya
hau_000365|Biyu bisa biyar sau tamanin shi ne talatin biyu.
hau_000366|Fure mai launin blue da ruwan rawaya a jikin wani kore mai ganyaye koraye
hau_000367|Daya bisa biyar na ashirin a tara da talatin a tara da arba’in shi ne sha takwas.
hau_000368|Zane mai alamar a yi baya, cikin da'ira mai launin chanchanbali
hau_000369|Zanen wata ayaba shdiya a gefen tushenta mai koren ganye
hau_000370|Maciji mai ruwan kasa ya nannade busashen reshen wata bishiya
hau_000371|Zanen wani maciji mai launin ruwan kasa nade a jikin wani tumatur ja da koren ganye
hau_000372|Yau za a samu zafin rana da zai kai maki tamanin da biyu na ma’aunin  zafi amma ba za a samu ruwan sama ba.
hau_000373|Wani mutum a kan kujera mai launin brown sanye da wando ruwan rawaya da ya dora kafarsa ta dama a kan ta hagu yana karanta jarida
hau_000374|Shudin tsauni a bayan koren ciyayi a karkashin sararin samaniya mai haske da launin shu'di da baki
hau_000375|Zanen wani bakin kare mai launin baki na kokarin kama wata kwallo mai launin ja da ruwan toka da blue
hau_000377|Zanen wata lema mai mariki baki yadin rufinta kuma launi hudu fari da ja da kore da blue
hau_000406|Wannan keken hawa ce.
hau_000407|Shida ga bakwai ya kama goma sha uku
hau_000408|Doki ne gudu da tsakar rana.
hau_000409|An zura musu ƙwallaye 9 a raga.
hau_000410|Takwas sau tara ya zama saba'in da biyu.
hau_000411|Sittin a raba gida biyu zai kama talatin
hau_000412|Kaduna cibiyar ilimi
hau_000413|Huɗu sau biyar daidai yake da ashirin
hau_000414|Sha ɗaya a tara da uku ya kama goma sha huɗu.
hau_000415|Goma sau biyu ya kama ɗari kenan.
hau_000416|Saniya mai launin baƙi da fari
hau_000417|Wannan ayaba ce ta nuna a kusa da bishiyar ta.
hau_000418|Jigawa jiha Mai tasowa
hau_000419|Abuja ce Babban birnin tarayya
hau_000420|Mun hau  tsaunuku kusan guda biyar.
hau_000421|Da yammacin yau za a samu kaɗawar iska.
hau_000422|Miliyan ɗaya sau ɗaya bisa biyar shine dubu ɗari biyu.
hau_000423|Goma sha biyu sau huɗu ya zama arba'in da takwas.
hau_000424|Bakwai sau takwas zai kama hamsin da shida.
hau_000425|Ga tagar wani ɗaki a buɗe da fulawa a kusa da shi
hau_000426|Akwai Dutsen Mambila a jihar Adamawa
hau_000427|Akwai rashin tsaro a Sokoto
hau_000428|Muna da duniyoyi tara ne .
hau_000429|Idan aka ce ɗaya bisa uku sau sittin ya zama ashirin.
hau_000430|Wannan tumatur ne yayi ja da kuma ganye kore a samanshi.
hau_000431|Ɗaya a tara da biyu zai kama uku kenan
hau_000432|A wannan dare yanayi zai kasance mai ɗadi a maki 12.
hau_000433|Akwai dabbobi tara masu sauri a duniya.
hau_000434|Ahalinmu ba mu wuce mutum biyar ba.
hau_000435|Lemu guda uku amma an yanka guda ɗaya gida biyu an ɗauke rabinsa.
hau_000436|Ɗaya bisa biyu a tara da ɗaya bisa shida ya kama biyu bisa uku.
hau_000437|Ɗaya bisa biyu sau dari ya kama hamsin
hau_000438|Wannan wata alama ce dake nuna mahaifi da mahaifiya da yaronsu.
hau_000439|Wannan butar dafa ruwan zafi ce ko ta alwala mai launin baƙi da fari.
hau_000440|A yau yanayin zai kasance mai ɗumi a maki 20.
hau_000441|Biyu bisa biyar sau tamanin zai kama talatin.
hau_000442|Wasu mata uku sun haifi yara 'yan uku a asibiti.
hau_000443|Ina da takalma uku amma ba na iya amfani da duka uku a lokaci guda.
hau_000444|An samu taimakon malaman jinya uku a asibitin.
hau_000445|Uku bisa takwas sau takwas ya zama uku kenan.
hau_000446|Kogi biyu ne suka fi kowanne tsawo a Duniya.
hau_000447|Na siyo biskit guda biyar, na je na rabawa ƙanne na biyar kowannen su.
hau_000448|Idan aka ce sha ɗaya sau ɗari da goma ya zama dubu ɗaya da ɗari biyu da goma.
hau_000449|Laima ce mai dauke da launukan ja har wuri biyu, shuɗi da fari da kuma kore.
hau_000450|Abin mamaki wannan bakin karen yana wasa da ƙwallo mai launukan ja da shuɗi da ruwan toka.
hau_000451|Kwata sau ashirin ya kama biyar daidai.
hau_000452|Za a samu hadari da yanayi mai zafi da kadawar iska mai ƙarfi da rana amma babu ruwan sama
hau_000453|A yau za a sha sanyi inda yanayi zai kasance a maki 5 na ma'aunin yanayi.
hau_000454|Wani mutum ya yanka tuffa guda ɗaya ga kuma rabi a kusa da tuffar da ba a yanka ba.
hau_000455|Yanayin wannan rana zai kasance cikin kaɗawar iska mai ni'ima a maki 15 na ma'aunin yanayi.
hau_000456|Da yammaci za a sha guguwa da za ta fara tun da rana a maki 21 na ma'auni yanayi.
hau_000457|Baƙin dokin can ne ya zo na ɗaya a gasar tsere.
hau_000458|Yara hamsin sun samu kyautar cikar ƙasarsu shekara hamsin da kafuwa.
hau_000459|Yanayin wannan rana zai kasance mai zafin gaske inda zai kai har digiri 27.
hau_000460|Za a tafka ruwan sama daga safe har yammaci da yanayi mai maki 18.
hau_000461|Duk Jihohon Arewa bawadda takai kano. Mai Dala da goron dutse
hau_000462|Kofuna ne aka jera su guda huɗu masu launin ɗorawa da ja da shuɗi da ruwan cakuleti.
hau_000463|Wannan wajen ya yi kama da wata ƙorama da shukar ruwa ga wani tsauni can a gefe ko kuma ƙanƙara a daskare
hau_000464|Sadara ta goma sha-bakwai tana nuni da cewa, akwai damar baiwa  dan-kasa mallakar dukiyarsa shi kadai ko a hadaka.
hau_000570|Bokitin Larai ja ne.
hau_000571|Muna son tuwon-shinkafa ran sallah.
hau_000572|Kasar Ghana tayi iyaka da Nijeriya.
hau_000573|Fura da nono abincin masu wadatane.
hau_000574|Zamuje ziyarar abokin mu ranar lahadi
hau_000575|Mutanen Kano suna son cin gurasa.
hau_000576|Azumi zai kama watan Satumba
hau_000577|Musulmi na zuwa Masallaci ran juma'a
hau_000578|Tanko Yana son zuwa kasuwa ran Talata.
hau_000579|Motar yan sanda baka ce
hau_000580|Karin kumallo da Alale kasala da nauyin jiki.
hau_000581|Zamu gama karatu a watan janairu.
hau_000582|Bikin Shamsu yakama watan mayu.
hau_000583|Ahmad Bola tinubu ya taba yin gwamna A legas
hau_000584|Muna zuwa makaranta ran litinin
hau_000585|An fi yin bukukuna ran Asabar a garin mu.
hau_000586|Funkasau da Miyar-taushe suna bada dan-dano Mai gamsarwa.
hau_000587|Shaharariyar me kera tukunya Ladi kwali yar arewacin Nijeriya ce.
hau_000588|Shi'a Kungiyar addini ce masu biyayya ga Zakkzaky.
hau_000589|Gwamnan farko a jihar Kano da ya Gina Al'umma shine Audu bako jami'in Dan sanda.
hau_000590|Dutsen kwatarkwashi dutse ne Mai dunbun tarihi a Arewa da ke jihar Zanfara.
hau_000591|Babanmu Yana zuwa gona duk ranar laraba
hau_000592|gabon Sune suka mulki Ghana tsawon shekaru.
hau_000593|Lome shi ne Babban birnin jamhuriyar Togo.
hau_000594|Abinci Dana ci da safe shine koko da Kosai.
hau_000595|Kasuwar garinmu naci ran Alhamis.
hau_000596|Baban su Habu baya cin yar'tsala da rana.
hau_000597|Atiku Abukakar Tsohon Mataimakin shugaban kasa lokacin Obasanjo.
hau_000598|FRSC zata fara binciken masu aba-ban hawan da basuda shaidar tuki.
hau_000599|Aisha Lawan ta fara aiki da hukumar zaben a shekarar ta shida bayan Samun yancin kai.
hau_000600|Ali Nuhu, Osita iheme, Sani danja, Davido
hau_000601|Ruwa ne ya raba tsakanin Nijeriya da Sudan.
hau_000602|Shehu Malami ne masani da yake karantar da mabiyansa.
hau_000603|Charbi Wani abun kirgene Wanda wasu daga cikin musulmi kanyi amfani dashi don yin kirge.
hau_000604|Zawiyya matattara ce ta yan Darika Wanda suke taruwa don gabatar da addua.
hau_000605|Dajin yankari wuri ne da ake Adana namun daji Dake jihar Buchi a Arewa Maso yamma
hau_000606|Ahmad Bola Tinubu, Abba Kabir Yusuf, Kashim Shattima, Umar Namadi.
hau_000607|Wanene Augustine jay-jay Okocha? Shi Dan kwallon kafa ne Wanda ya taka leda a gasar kofin duniya
hau_000608|Hukumar SON ta cafke wasu Bata gari da suka sai da kayan lantarki marsa inganci.
hau_000609|Jihar Ibadan ko Badin, jihace Mai tsohon tarihi. Garin yarbawa ne makwabtan jihar legas.
hau_000610|Wanene farkon Shugaban kasar Gghana? Kwame Nkrumah shine Shugaban kasar Ghana na farko.
hau_000611|Masallaci wurine da ake amfani dashi don yin Ibadan. Gina gine don yin Ibada na musulmai
hau_000612|Bana son yin Karin kumallo Tafiya Wani gari Mai nisa ita ce balaguro
hau_000613|Kamaru, Niger, chadi, Libiya, Ghana, Sudan, Benin, Togo,
hau_000615|Dutsen-Dala, Dajin falgore, Dajin yankari, Gandun dabbobin Kano, Dutsen kwatarkwashi, Dutsen zuma
hau_000616|Hukumar NAFDAC zata fara kewaye a wuraren da suke Saida kayan ci, nasha da magunguna.
hau_000617|Wanene Ahmad Musa? Ahmad Musa ya bugawa Nijeriya Gasar cin kufin Afrika a wannan shekarar.
hau_000621|Ancowas ya kasance mallakar yan addinin hindu Wanda aka gina a karni na Sha biyu
hau_000622|FANN zata hana masu zirga-zirgar jiragen sama sauka a tashi muddin basu biya haraji ba.
hau_000625|Maulidi Biki ne Wanda Mabiya Darika kan gabatar don nuna murnar zagayowar watan da aka haifi Annabi Muhammad SAW
hau_000646|Ranar Litinin auren Sakina
hau_000647|Anya Ali zai zo Ranar Talata kuwa?
hau_000648|Ba laifi in kazo aiki ranar Lahadi
hau_000649|Ina shuɗiyar rigata?
hau_000650|Ƙila Bashir ya yi sallar Azumi a Legas
hau_000651|Ƙolo shi ne almajirin da ya fara iya karatu.
hau_000652|Zan ɗinaka sabbin kaya saboda bikin sabuwar shekara
hau_000653|Malam yana da kuɗi sosai.
hau_000654|Saniya na kiwo a kusa da bishiya
hau_000655|Tun Ranar Alhamis Kamilu ya tafi Kano
hau_000656|Ko ranar Laraba idan ka kawo zamu karɓa
hau_000657|Ana yawan ruwan sama a wata Agusta
hau_000658|Ana yawan rigima da mutane akan bikin Maulidi a Kano.
hau_000659|Ina Koren agogon ka?
hau_000660|Almajirai da dama suna shan wahala lokacin azumi
hau_000661|Buta mai launin bak'i
hau_000662|Mun tafi hutu sai watan Afrilu zamu dawo
hau_000663|Gadar da aka tsara a saman kogi.
hau_000664|Alamar hasken rana.
hau_000665|Saniya mai launin bak'i da fari a tsaye.
hau_000666|Lambu.
hau_000667|Lemun zak'i mai launin rawaya
hau_000668|Tumaturi mai launin ja da karas mai launin ja.
hau_000669|An haifa masa ɗansa na fari a tsakiyan watan Nuwamba
hau_000670|Ɗakko min taguwata da na saka ranar Juma'a
hau_000671|Taga a bud'e tare da fulawa
hau_000672|Kudiddifi a tsakiyar duwatsu.
hau_000673|Dala na dutse a cikin ciyawa
hau_000674|Siffar yaro a tsakanin mace da namiji
hau_000675|Kwallo mai launin baki da fari a cikin raga
hau_000676|Maciji a nad'e a jikin ice
hau_000677|Alwatika launin kore a saman da'ira shud'i.
hau_000678|Da'ira mai ruwan k'asa a tsakanin alwatika mai launin bak'i.
hau_000679|Siffa mai kusurwa biyar mai ruwan toka-toka a cikin siffa mai launin jar garura
hau_000680|Alamar ganuwar shiga gari mai launukan ja da rawaya da shud'i da mai ruwan k'asa
hau_000681|Farar siffa mai kusurwa bakwai a cikin da'irar mai ruwan toka-toka
hau_000682|In ban da ƙungiyar mata musulmi ta Najeriya FOMWAN babu wata ƙungiya mai ƙarfin tallafawa mata gajiyayyu.
hau_000683|Murabba'i uku masu launin ruwa k'asa a cikin da'ira mai launin jar garura.
hau_000684|Siffar zuciya mai ruwan toka-toka a cikin siffar silinda launin ruwan k'asa.
hau_000685|Da'irar shud'i a tsakanin murabba'in rawaya biyu.
hau_000686|Da'ira mai launin fari a cikin da'ira mai launin jar garura tare da siffar kibiya mai launin rawaya.
hau_000726|SON
hau_000727|Aisha tayi aure
hau_000728|Jihar Taraba Mai kasar noma
hau_000729|Musa Malamin makaranta ne
hau_000730|Bauchi garin yawon bude ido
hau_000731|Dutsen Dala yana da dogon tarihi
hau_000732|WHO
hau_000733|NAFDAC
hau_000734|Mero ta dama fura da nono
hau_000735|Ana girka Mana tuwon shinkafa
hau_000736|Aminu yana da mota
hau_000737|Zanfara uwar ma,adanai
hau_000738|Tsaunin Cristal Yana da girma Togo
hau_000739|Ana cin Waina da miyar taushe
hau_000740|Akwai zafin Rana a Sudan saboda suna da sahara
hau_000741|Izala suna gabar da wa'azin kasa
hau_000742|Ana zuwa majami'a duk ranar Lahadi
hau_000743|Akwai akalla dabbobin daji dari a yankari
hau_000744|Babu zafin Rana a watan Nuwamba
hau_000745|jami'ar Bayero ta zama abin mamaki a arewacin Najeriya
hau_000746|Audu na Karin kumallo da koko da kosai
hau_000747|Baba Rabi tana dafa shinkafa
hau_000748|zakuna na zaune a gidan Zoo a Kano
hau_000749|Kasuwar garinmu na ci ranar Laraba
hau_000750|Buta ana amfani da ita wajan Alwala idan za'ai sallah
hau_000751|Wanene Bola Ahmad tinubu? Shine Sabon Shugaban kasar Nijeriya
hau_000752|Akwai akalla mutane miliyan goma-shabiyu a chadi
hau_000753|Baba na zuwa ziyara masllaci duk ran juma'a
hau_000754|Wanene mataimakin Shugaban majalisar Dattawan Nijeriya? Barau jibrin ne.
hau_000755|Baba na yana zuwa kasuwa
hau_000756|Tekun naija yana samar da wutar lantarki
hau_000757|Niamey shine Babban birnin jamhuriyar Niger
hau_000758|Mu kan fita aiki a ranar Litinin
hau_000759|Massalaci wuri ne da ake gabatar da ibada ga Musulmi
hau_000760|Kullum sai munci Alale
hau_000761|shi'a suna yin bikin Hussainiya duk shekara
hau_000762|Kamaru tana a karkashin milkin mallakar faransa a shekarar 1884
hau_000763|Akwai Akalla Butoci masu launin fari
hau_000764|Babangida ya sauka daga mulkin Nijeriya a shekarun baya
hau_000765|Niger, kamaru, chadi, Sudan, Togo
hau_000766|Asibitin Malam Aminu Kano yanada da likitici da yawa
hau_000767|Zuma Kullum Ja ce
hau_000768|Yara na son yin wasa kowace Talata
hau_000769|Gidan radion Kano suna kawo Mana shirye shirye
hau_000770|kirista sunayin ibada a ranar Lahadi
hau_000771|carbi wani abun kirge ne Wanda wasu daga cikin Musulmi kan yi amfani dashi dan yin ibada
hau_000772|Sanusi Lamido ya yi sarkin Kano
hau_000773|Wanene Abba Kabir Yusuf? ABBA Kabir Yusuf shine sabon gwamnan jihar Kano.
hau_000774|Fura da Nono suna saka kasala? kwarai suna sakawa dame akeyin fura? da gero
hau_000775|Wanene Kashim Shetima? Shi ne mataimakain shugaban Nijeriya
hau_000776|Takutaha biki ne da mabiya darika Kan gabatar Dan nuna murnar zagayowar ranar da aka haifi Annabi Muhammad sallallahu Alaihi wasallam
hau_000777|Me ya sa mutane suke zuwa gidan makama? suna zuwa ne don ganin kayan tarihi
hau_000779|wanene ya samu matsayin daraktan wasan  kwaikwayo? Ali Nuhu ya samu mukamin darakta
hau_000780|Menene Abincin mutanan Bauchi  a Najeriya?Masa itace Abincin mutanan Bauchi Dame akeyinta? da shinkafa akeyin Masa
hau_000800|Sai ka dan koma ta bangaren hagu
hau_000801|Sai ka nufi Arewa
hau_000802|Sai kai yi ta tafiya na nisan mita dari shida
hau_000803|Amma ana samun rikicin wariyar yanki a kasar Afirka ta Kudu.
hau_000804|Idan aka kwana talatin za a sami buhunan wake guda talatin cikakku.
hau_000805|Ba a cika samun tashin hankali a ƙasar Botswana ba.
hau_000806|Garin farar dawa akwai daɗi idan aka nika aka yi dan'wake da shi.
hau_000807|A kasar Namibiya ne ake girmama baki don su ni daɗin zuwa su zuba hannun-jari
hau_000808|Titus ya ji daɗin abincin da muka sayo dazu.
hau_000809|Ya aka yi Nijeriya ta samu sunanta na Nijeriya? Saboda kogin Neja
hau_000810|A Legas akwai wurin shakatawa na bakin teku
hau_000811|Cikin shekaru sittin ya je kasashe sittin na duniya.
hau_000812|Ƙasar Afirka ta Kudu na ɗaya daga cikin kasashen masu arziƙi a Nahiyar.
hau_000813|A kwanaki bakwai da na zagaya kasuwanni na ci ribar dubu dari bakwai.
hau_000879|Ya tafi makaranta
hau_000880|Asabar ta zo min ina cikin farin ciki.
hau_000881|Watan Fabrairu ana zuba sanyi sosai.
hau_000882|Mun fara aikin ne ranar Alhamis din da ta wuce.
hau_000883|Sun same ni a a gona ranar da safe ranar Juma'a.
hau_000884|Ana fara tsananin zafi ne a watan Maris.
hau_000885|A watan Janairu ake zabar gonar da za a shuka masara.
hau_000886|Ranar 12 ga watan Rabi'ul Auwal Ake hutun Maulidi.
hau_000887|Ranar 1 ga watan Janairu ake yin hutun sabuwar shekara
hau_000934|Taliyar ta lalace.
hau_000935|Sodangi tafi duk yaran gidansu kokari.
hau_000936|Waken be dahu ba.
hau_000937|1-Baban Tanko babban Mai arziki ne a garimmu.
hau_000938|Ina san naci Dambu sosai.
hau_000939|Jatau ya tafi kasar waje karo karatu.
hau_000940|Jamhuriyar Niger na fama da karancin abinci.
hau_000941|Mamammu ta dafa mana dan wake.
hau_000942|Shinkafar ta dahu.
hau_000943|Telle ya samu sana'ar yi garin Abuja.
hau_000944|Kogi mafi girma a Najeriya shi ne Kogin Niger Delta.
hau_000945|A Kasar kamaru akwai tarin Fulanin da basa jin hausa.
hau_000946|Central mosque babban masallaci ne a garin Abuja.
hau_000947|An fi jin daɗin ruwan Agbokim a lokacin damina.
hau_000948|Kasuwar dawanau da ke jihar Kano itace mafi girman kasuwar abinci a Najeriya.
hau_000949|Wadatau tafi kowa a gidansu murna da baban su ya tafi aikin hajjin bana.
hau_000950|Babagana Umara Zulum na taimakawa mutanen da suke a karkashinsa sosai.
hau_000951|Gwauran dutse katan dutse ne a Kano da yake da sanannen tarihi
hau_000952|Daga federal secteria kuwa tafiya zata cigaba ne har zuwa round about na baban gwari.
hau_000953|Idan kaje gidan makama a Kano zakaga kayan tarihi da yawa.
hau_000954|Olayemi Cardoso shi ne gwamnan babban bankin Najeriya (CBN).
hau_000955|Daga zungero zai dawo titin airport road, yaciga da tafiya har zuwa bankin CBN dake Kano.
hau_000956|Kafinka shiga garin Abuja idan katafi daga Zariya zaka ga katon dusten Zuma Rock.
hau_000957|Lekki wuri me da ake zuwa dan ahuta a Kuma shakata a jihar legas.
hau_000958|Olumo Rock: wani kakkarfan babban abin tarihi ne dake tsakiyar Abeokuta.
hau_000959|Jamhuriyar Benin wani yanki ne da ke karkashin daular Benin mai karfi da ke can a arewacin yankin Delta.
hau_000960|Yankari Game Reserve da ke cikin garin Bauchi a Arewacin Najeriya shi ne mafi arzikin namun daji a kasar nan.
hau_000961|Gwamna Dikko Umaru yana kokari sosai wajen ganin ya yaki masu garkuwa da mutane a jihar katsina.
hau_001011|Bana a Yankari zamuyi shakatawar mu.
hau_001012|Me yasa kanawa suka fi saka Jar hula?
hau_001013|A watan Mayu bana za'a dauki azumi.
hau_001014|Daga ranar Alhamis na rufe karbar aikin kowa.
hau_001015|Zan iya samun dinki na kafin ranar Talata?
hau_001016|Wannan hular ranar maulidi zan saka ta.
hau_001017|Damu za'a fara sallar gani a wannan karon.
hau_001018|Ranar Juma'a jirgin su Kalid zai tashi.
hau_001019|Zaka iya bani aron farar hular ka?
hau_001020|A garin mu ana yin wasan dodo duk shekara.
hau_001021|Mantau ya fi kowa sanin yadda ake Iyo a ruwa.
hau_001022|Limamin garin mu baya yawo babu hula.
hau_001023|Gidan Dan Hausa sukaje nemo wani tarihi.
hau_001024|Majalisar Dinkin Duniya ta bada doka akan dumamar yanayi.
hau_001025|Kungiyar Abba zama Daram (AZD) tayi tarin ta ne a yau.
hau_001026|Dambu kadai ake sayarwa a cikin wannan ma'aikatar.
hau_001027|Shugaba Tinubu ya karbi mulki a watan Satumba.
hau_001028|Sahabbai sun kasance mabiya addinin Musulunci.
hau_001029|A ranar laraba aka sallame mu daga asibiti.
hau_001030|Kungiyar Kwadago ta NLC tayi barazanar tafiya yajin aiki a makon gobe.
hau_001031|Nabila ta taba cin Danwake? Eh Nabila tana son Danwake.
hau_001032|Ma'aikatar sha da Fataucin miyagun Kwayoyi ta kama wasu mutane da ake zargin su da sa hannun su dumu-dumu.
hau_001033|Shanuwa mai launin baki da fari.
hau_001034|Korama a cikin jeji dauke da ruwa a cikin ta.
hau_001088|Bakin kare yana buga kwallo.
hau_001089|Keke mai launin baki.
hau_001090|Tumatir mai launin ja tsutsa ta bullo a cikin sa.
hau_001091|Wadancan sune dabobi na farko da suka fara zuwa wajan.
hau_001092|Uku a raba sau takwas sau takwas amsar itace uku.
hau_001093|Littatafai guda shida daya kan daya.
hau_001094|Watan junairu shine wata na farko a jerin watanni.
hau_001095|Adamawa garine Mai tsaunikan Kamar Tsaunin Mambila.
hau_001096|Gona da Shukoki koraye bayan ta akwai dutse.
hau_001097|Taraba garine Mai kasar noma Mai kyau.
hau_001098|Rukunin likitoci sune suka zo na biyu a gasar.
hau_001099|Yarinyar da tazo na biyu a gasar kawata ce.
hau_001100|Dari sau daya a raba sau hudu amsar itace ashirin da biyar.
hau_001101|Wadan can sune Taurari na farko da suka fito a cikin hasken rana
hau_001102|Wannan shi ne dutse na farko kuma mai tsayin gaske .
hau_001103|Kofunan shayi masu launi daban daban guda hudu a jere.
hau_001104|Tamanin a rabawa mutum biyar amsar itace talatin da biyu.
hau_001105|Uwa da uba da dansu a tsakiya dauke da launin baki.
hau_001106|Tufa mai launin kore guda daya da kuma rabi a gefan ta.
hau_001107|Yan'uwa na ne suka zo na daya a gasar.
hau_001108|Maciji a jikin reshe mara ganye ya fasa kai.
hau_001109|Na goge kayana kala hudu sai kuma na wanke wasu kala hudu jiya.
hau_001110|Goma sau goma ya zama dari.
hau_001111|Butar shayi mai launin baki da fari.
hau_001112|Miliyan daya a raba sau goma amsar itace dubu dari.
hau_001113|Dari da ashirin a rabawa mutum hudu amsar itace casa'in
hau_001114|Kaduna, cibiyar ilimi wanda a tarihi da anan shuwagabanin Arewa suke da zama.
hau_001115|Hasashen masana ya bayyana cewa a talata rana za'a samu bisa maki Ashirin.
hau_001116|Dubu dari sau daya a raba sau biyar amsar itace dubu ashirin.
hau_001117|An ci kwallayen uku da wasan da akayi yau kuma nice nazo na uku.
hau_001118|Na bawa kawata jaka guda biyu kuma sannan na bawa kanwata takalmi guda biyu.
hau_001119|Na bar wayoyi guda uku a mota  kuma duka wayoyin guda biyu ba nawa bane.
hau_001120|Hasashen masana ya bayyana cewa a yau Laraba washewar sararin samaniya da gajimare za'a samu bisa maki sha biyu.
hau_001121|Na sayi alewa guda biyar a hanya kuma wadannan alawowi guda biyar duka na Shayne su.
hau_001122|Daya a raba sau biyu a tara da daya a raba sau shida amsar itace biyu a raba sau uku.
hau_001123|Da'irorori guda bakwai dauke da kaloli daban daban.
hau_001124|Nassarawa gari ne na mutane masu son zaman lafiya, sun shahara da noma da kiwo.
hau_001125|Hasashen masana ya bayyana cewa a laraba yau yanayin zai kasance na rana bisa maki ashirin da hudu.
hau_001126|Sadara ta farko tana nuna cewa, dukkan mutane daidai suke ba Wanda yafi Wani Mutuntakar su daya take, haramune nuna banbanci ko wariyar launin fata.
hau_001127|Tsuntsaye guda uku suna shawagi a sama a gefe kuma akwai fure mai launin kore da ja
hau_001130|Lokacin yana da tsawo sosai kuma shine na farko da yake kawo ruwa tsawon lokaci
hau_001131|Hasashen masana ya nuna cewa a yau Laraba garin zai kasance ne na  gajimare bisa maki takwas.
hau_001170|Yanzu rana ta fara fitowa.
hau_001171|Kwallo ta fada cikin komar kifi
hau_001172|Butar shayi hade da murfin ta.
hau_001173|Saniya baka da rodin fari tana tsaye.
hau_001174|A cikin korayen Tufa biyu na yagi rabin guda daya.
hau_001175|Bakin Kare yana wasa da kwallo.
hau_001176|An dora shukar a kan taga
hau_001177|Lema mai kala hudu da bakar marika
hau_001178|Fure ya fito a jikin shuka.
hau_001179|Saniya baka da rodin fari a bayan bishiya tana cin ciyawa
hau_001180|Yaron yana buga kwallo.
hau_001181|Farin tauraro a cikin da'ira mai zagaye.
hau_001182|Lemon fata guda biyu da wani rabi a gabansu
hau_001183|Zuma guda uku sun tashi sama zasu ketare bishiyun nan guda uku.
hau_001184|Bakin keke babu kowa akai.
hau_001185|Ayaba guda uku a gaban bishiya ayaba
hau_001186|Farin wata ne yake haska kogin da tsakiyar dare.
hau_001187|Yalayen katika uku a cikin farar da'ira mai zagaye.
hau_001188|Daji mai hade da dogayen bishiyu a tsakanin tsaunika dayawa
hau_001189|Anyi mana gada ta tsallaka kogi da fitilu a gefe
hau_001190|Kofina hudu a jere, daya a gaban daya.
hau_001191|Salisu a kan kujera yana karanta jarida..
hau_001192|Korama ta ruwa a tsakanin tsaunika..
hau_001193|Doki yana gaban da'ira mai zagaye yana tsala gudu.
hau_001194|Shida a tara da bakwai zai bada sha uku
hau_001195|Jajayen Tumatura kwalli biyu a bayan Karas daya.
hau_001196|A rana gobe talata ne ake sa ran zai  yi
hau_001197|Da'ira mai zagaye da kalar shudi a cikin siffa mai mikakkun layuka uku.
hau_001198|Gobe Bello zai mayar da littattafai shida makarantar su
hau_001199|Goma sau goma shi ne dari daya
hau_001200|Siffa mai mikakkun layika uku a kan shudiyar da'ira mai zagaye.
hau_001201|Alamar mashi ta ratsa tsakiyar da'ira mai zagaye
hau_001202|Rabin dari daya shine hamsin.
hau_001203|Takwas sau tara shine zai baka saba'in da biyu.
hau_001204|Daya ka tara da biyu zai baka uku.
hau_001205|Idan ka rubanya sha biyu sau hudu zai bada arba'in da takwas.
hau_001206|Sha daya a tara da uku zai bada sha hudu.
hau_001207|Korayen da'ira masu zagaye guda hudu a cikin shudin dunkule suna zagayawa.
hau_001208|Yalayen katika uku a gefen da'ira mai zagaye biyu da kalar shudi.
hau_001209|Bakwai sau takwas shine hamsin da shida.
hau_001210|Kwatar ashirin zai baka biyar.
hau_001211|Daya bisa uku sau sittin zai bada ashirin.
hau_001212|Biyu bisa biyar sau tamanin shine zai bada talatin da biyu.
hau_001213|Yayin da a birnin Chicago ake saka ran samun iska sama ba tare da sanyi mai tsanani ba.
hau_001214|A ranar juma'a ake sa ran yin sanyin da yafi ko wacce rana da aka gani bisa matakin Celsius biyar.
hau_001215|Za'a zuga ruwan sama kamar da bakin kwarya daga karfe shida na yamma zuwa karfe tara na dare a yau dinnan.
hau_001216|A tara ashirin, talatin da arba'in sau daya bisa biyar sha takwas kenan.
hau_001240|Venus na gaba axs
hau_001241|Daya bisa biyu a hada da daya a bisa shida shi ne biyu bisa uku
hau_001242|Madu ne babban da a gidan su Sabo kanin Saratu
hau_001243|Tuwon dawa ya fi na masara amfani a jikin mutum
hau_001244|Da wake ake yin ƙosai da safe domin karawa.
hau_001245|Furar gero ta fi ta dawa tsada.
hau_001246|Uku a tara takwas sau takwas amsar ta zama uku
hau_001247|Bana waken suya ya yi ɗan karen tsada.
hau_001248|To ku kuna noman wake ne? Muna noma shi sosai kuwa.
hau_001249|Shinkafa ta yi tsada a Najeriya
hau_001250|Garba baya son raini ko kaɗan
hau_001251|Noman dauro akwai riba in mutum ya yi sa a da gona mai taki.
hau_001252|Dubu ashirin ne daya bisa miliyan daya
hau_001253|Bayan watan Agusta babu watan da ake samun ruwan sama kamar Yuli a Najeriya
hau_001254|Mansur babban abokin mahaifin Ashraf ne
hau_001255|Haidar ne danta na fari hakurinsa ne ya sa yazo na daya makarantar boko
hau_001256|Wace ƙasa Najeriya ke makwabtaka da ita a Arewa maso Gabas? Najeriya na makwabtaka da ƙasar Chadi a Arewa maso Gabas.
hau_001257|Aisha da Auwal sun jima suna soyayya
hau_001258|Ƙungiyar ƙwallon ƙafa ta duniya FIFA tana ƙoƙari wurin haɗa kan matasa.
hau_001259|Obudu Wani burtali ne da aka ƙayata a Jihar Kuros Ribas
hau_001260|Babu wani abinci da zaka ci da safe ya gamsar da kai kamar taliya da kifi.
hau_001261|Good Ebele Johnathan ya sha fama da ƴan ta'adda a lokacin mulkinsa a Najeriya.
hau_001262|Umaru Musa Ƴar'adua shine shugaban da ya sauke farashin man fetur a lokacin mulkinsa.
hau_001263|Yanzu dai an koma shan Lemu da safe a Loko
hau_001264|Muhammadu Buhari ya mulki Najeriya sau biyu. A matsayin soja kuma a matsayin shugaban siyasa.
hau_001265|A wace Jiha Gamborun Gala ya ke? A Jihar Borno Gamborun Gala yake.
hau_001266|Akwai ƴan Najeriya da yawa a ƙasar Sudan. Wasu ma duk sun saje sun zama larabawa.
hau_001267|Duk karfin zaki da aka yi tsere kare ne yazo na daya
hau_001268|Da me ake yin ƙosai ne a garinku? Da wake ake yi.
hau_001269|Matar abokina ta zama kwararriyar likitar jinya ita ce ta hudu tsaye a gefan shugban kasar Mali
hau_001270|Minjibir wani gari ne a Jihar Kano dake da farin jini sakamakon wani wurin shaƙatawa dake garin.
hau_001271|Rijiyar Kusugu itace rijiyar da Bayajidda ya kashe maciji a cikinta a Daura.
hau_001272|Kungiyar kwallon kafa ta Manu tazo na uku a gasar yayin da Kungiyar Lawi tazo ta daya yayin da Kungiyar Sawaba suka zo na biyu
hau_001273|Gidan su ne na hudu daga bayan dogon tsaunin da ya raba unguwar Kanawa da Sabon Garin Gandu
hau_001274|Bana an samu amfani a gonaki uku da ke baya  dogon rafin  gidansu Dan'ilu
hau_001275|Ƙungiyar Ɗalibai ta Najeriya MSSN ta bada tallafi ga mabuƙata gabatowar watan Azumin Ramadan.
hau_001276|Idan da Ƙungiya Ƙwadago ta Najeriya NLC da gaske ta ke yi da an samu sauƙin abubbuwa.
hau_001277|Wane mawaƙi ne kotu ta dakatar daga yin waƙa har sai an sake zama a Arewacin Najeriya? Ado Isa Gwanja ne
hau_001278|Bola Ahmed Tinubu ne ya cire tallafin man fetur a ranar da aka rantsar da shi a matsayin shugaban Najeriya tun kafin ya shiga ofishinsa
hau_001279|Mileniyon pak ( ko Millennium Park a turance) wani wurin shaƙatawa ne a Babban Birnin Tarayyar Najeriya a Abuja.
hau_001282|Ahmad mutum ne mai basira.
hau_001283|Waɗanda suka yi mulkin Najeriya tun dawowar dimokuraɗiyya a 1999 sun haɗa da Olusegun Obasanjo, Umaru Musa Ƴar'adua, Goodluck Ebele Johnathan, Muhammadu Buhari da kuma Bola Ahmed Tinubu.
hau_001285|Wace ƙasa ce ke makwabtaka da Najeriya ta Arewa? Ƙasar Nijar ce ke makwabtaka da Najeriya ta Arewa.
hau_001286|Hubbaren Shehu Usmanu, shi ne ƙabarin shehu Usmanu a Jihar Sokoto. A can aka binne shi, mutane na zuwa wurin domin ziyartar makwancin na Shehu.
hau_001287|Gandun daji da ake kira da Yankari yana Jihar Bauchi ne, duk wanda ya je jihar yana sha'awar ya kai ziyara wannan gandun daji mai tarihi.
hau_001289|Ƙungiyar Zawarawa ta Najeriya ƘZW Reshen Jihar Kano sun yi zanga-zanga kan wariya da ake nuna musu.
hau_001324|Za mu sha kunun dawa yau.
hau_001325|Soyayyen dankali nafi so nidai.
hau_001326|Alkubus din ya yi dadi sosai.
hau_001327|Waina da miya abincin bahaushe ne.
hau_001328|A ranar juma'a ne ake gudanar da sallar juma'a a.
hau_001329|Kema kina San kaya jajaye?
hau_001330|Ranar talata anyi jarabawar kuwa?
hau_001331|Daya ga watan junairu ne ake shiga sabuwar shekara.
hau_001332|Babammu ya kaimu yawo lokacin da akai hutun ranar ma'aikata.
hau_001333|Ranar Asabar za'a haska saban fim a gidan kallon sinima da ke Kano.
hau_001334|A duk ranar maulidi mukan yi kwalliya mu saka sabon kaya.
hau_001335|Daliban dake daukar darasi a ranar litinin sunfi maida hankali sosai.
hau_001336|Muna murna da zagayowar ranar yancin Kai a Najeriya.
hau_001337|Hukumar Kula da Sufurin Jiragen Sama ta Najeriya ta fara horar da sabbin ma'aikatan ta.
hau_001338|Alamar akwati da kalar roɗi-roɗi guda huɗu a tsakiya
hau_001339|A watan Maris muke sa ran fara azumin watan Ramadana.
hau_001340|Daga ganin wannan mutumin dan ƙwallon ƙafa ne yake wasa
hau_001341|A ranar da muka shiga sabuwar shekara mun Sha yawo saboda ana hutun sabuwar shekara.
hau_001342|Wata ya yi haske a tsakiyar dare.
hau_001343|Hukumar Kare haqqin Dan Adam ta kasa NHRC ta hana cin zarafin yaya mata.
hau_001344|A ranar kirismeti mabiya addinin kirista na zuwa choci su gabatar da addu'o'i.
hau_001345|Ana gudanar da hutun bikin ranar dambe ne bayan ranar Kirsimeti..
hau_001346|Daji a cikin wani tsibiri da ɗan karamin kududdufi.
hau_001347|Ranar litinin ma baza muje makaranta ba saboda malamin mu yace ana hutun Easter Monday.
hau_001348|Hoton wani tsauni mai dogayen itatuwa
hau_001349|Fulawa mai launin shudi da alamar ɗorawa da kore
hau_001350|Da alama an zura ƙwallo a raga mai launin fari yayin da ƙwallo ke ɗauke da baƙi da fari
hau_001351|Kalar ɗorawa mai alamar faifai uku da alamar kwabo mai kalar bula
hau_001352|A ranar babbar salla ne ake yin yanka walau saniya ko rago ko abinda ya samu Dan samun lada.
hau_001353|Alamar da'ira wato (circle) ta shiga kusa da alama mai ƙusurwa uku wato (triangle)
hau_001354|Wannan za a iya cewa hanyar wucewa ce da kuma gada a samanta ga wasu fitulu masu launin ɗorawa
hau_001355|Abin da nake iya gani a nan shi ne alamar da'ira launin shuɗi mai haske da alamar tauraro mai launin fari a tsakiya
hau_001356|Wani mutum sanye da wando mai kalar ɗorawa yana karanta jarida a saman kujera.
hau_001357|Hukumar hana sha da fataucin miyagun kwayoyi NDLEA ta hana safarar miyagun kwayoyi a kasar nan.
hau_001358|Alamar da'ira mai launi shuɗi guda ɗaya a tsakiyar alamun jirgin leda guda biyu masu launin ɗorawa
hau_001359|Wane abinci akafi ci a garimmu da daddare? Ansa- Yan garimmu sunfi so suci Tuwo miyar kuka da daddare?
hau_001360|A nan ga wasu Baƙaƙen alamun kusurwa uku guda biyu da alamar da'ira mai ruwan kasa guda daya a tsakiya
hau_001361|Akwai alamar faifai uku da kalar zinare cikin farin fenti amma kuma da'ira ta zagaye su
hau_001362|Alama mai kusurwa huɗu cikin launin (purple) a turance guda uku a tsakiya dauke da wasu alamar mashi guda uku
hau_001363|Alamar dake nuna cewa a yi sashin hagu mai kalar ɗorawa a tsakiyar daira mai launin ruwan  (purple) a turance
hau_001364|An ɗora alama mai kusurwa uku  mai alamar shudi  akan alamar da'ira mai kalar shudi
hau_001407|‘Yan Nijar sun iya haɗa shayin gargajiya.
hau_001408|Kullum sai Ishaq ya karya da Koko da ƙosai.
hau_001409|Sun ce mu huta duk ranar Alhamis ne?
hau_001410|Musa yana son cin tuwo da daddare.
hau_001411|Yana saka farin kaya kullum ko sai sai ranar Juma’a kaɗai?
hau_001412|Kana zuwa aiki duk ranar Lahadi ne?
hau_001413|Sakwara da miyar ganye na sa Yusuf santi.
hau_001414|Ana iya samu wasu na’ukan abincin gargajiya a Gambiya.
hau_001415|Kwanaki nawa ne a cikin watan Fabrairu na shekarar 2024?
hau_001416|Gidan adana namun daji na Yankari Game Reserve yana jihar Bauchi.
hau_001417|Gwamnatin Najeriya tana ware Ranar samun ‘yanci don kowa ya huta.
hau_001418|Matar ta sa koriyar riga da hijab ne?
hau_001419|Gwamnatin Nigeria zata bada hutun aiki har sau uku a watan Disamba?
hau_001420|Gurasa ta kasance abincin Kanawa.
hau_001421|Gefan tekun Bar Beach a jihar Lagos ya kasance wajen hutun baƙi.
hau_001422|Ana iya samun wasu ‘yan Kasuwar Najeriya a Kamaru.
hau_001423|Gwamnatin Najeriya tana bada hutun ranar Mauludi don kowa ya huta.
hau_001424|Yahaya yana sha’awar shan kunun tsaminiya lokacin azumi.
hau_001425|‘Yan gudun hijira na shiga Cadi don neman masauki.
hau_001426|Tuwan dawa ya sa Hussaini komawa gida da wuri.
hau_001427|Juma’ar da zata yi kyau daga Laraba ake gane ta ne?
hau_001428|A lokacin hutun ƙaramar Sallah na Eid-al-Fitr jama’a na ziyartar ‘yan uwansu.
hau_001429|Amina tana son ziyara zuwa Zariya don ta ci doya.
hau_001430|Ana zuwa masallacin Juma’a ranar Juma’a?
hau_001431|Da gaske a watan Maris za a fara azumin watan Ramadan na shekarar 2024?
hau_001432|Alale ya kusa da dahuwa don Binta ta ci.
hau_001433|Katangar Queen Amina Walls ta kasance ganuwa a fadar Masarautar Zazzau.
hau_001434|Me ya sa ma’aikata ke tsoron ranar Litinin ne?
hau_001435|Hukumar Zaɓen Najeriya, INEC, ta gargaɗi masu aikin sa ido kan yadda zaɓukan ƙasar
hau_001436|Wurin shaƙatawa na Obudu Mountain yana jihar Cross River inda jihar ke samun kuɗin shiga daga baƙi.
hau_001437|Ganuwar katangar birnin Kano da ake kira da Kano City Wall ta kai nisan kilomita 14.
hau_001438|Hukumar ƙwallon ƙafa Ta Najeriya NFF na Shirin canza sabon kocin ‘yan was an Najeriya.
hau_001439|Aminu yana son cin Ndalye kullum.
hau_001440|Ranar Ma’aikata ta kasance wacce ake bayar da hutun wannan rana.
hau_001441|Ta kasance ranar hutun sabuwar shekara wacce ake yi a duk Najeriya.
hau_001442|Gidan adana namun daji na Gashaka Gumti a Jihar Taraba yana ƙayatarwa.
hau_001443|Muhammadu Buhari ya mulkin Najeriya sau biyu lokacin mulkin soja da mulkin Demokuraɗiyyar.
hau_001444|Tudun Idanre Hills ya kasance wajen buɗe ido da ke Jihar Ondo.
hau_001445|Gidan tarihi na Makama Museum a Kano yana ɗauke kayan tarihin gargajiya na Jihar.
hau_001446|A duk ranar Asabar ake cin kasuwar garin?
hau_001447|Kamfanin Dillancin Labarai NAN ya wallafa sabon rahoton zanga-zangar lumana da wasu ‘yan Nigeria zasu gudanar a Abuja.
hau_001449|Hutun Ranar Kirsimeti ana yi a duk 25 ga Disamba don mabiya addinin Kirista su huta su yi ibada.
hau_001491|Ƙasar Nijar tana kusa da Nijeriya kusan iyakarsu ɗaya.
hau_001492|Jamila ta zuba mai da yaji a ɗanwaken ta cinye.
