ful_000003|Feccere go’o so sowaama laabi teemedere, hawra e capanɗe joyi.
ful_000005|So capanɗe jeegom feccaama laabi tati wona noogaas.
ful_000010|nan
ful_000011|nan
ful_000015|nan
ful_000018|Korwal ngal goobu cooyo ; ɓernde, nde goobu haako ina nataa e dow korwal ngal.
ful_000020|So a ƴettii sappo, a sowii ɗum laabi sappo, tottat maa ko teemedere.
ful_000023|nan
ful_000029|nan
ful_000037|So nayaɓal go’oo sowaama laabi nayi wona joyi.
ful_000048|Janngoowo oo ko ko nati mbegeyal, ngal goobu wiyolee, naatni nder heen mbege gooto daneejo. E nder oon mbege daneejo, o waɗii kaareeji tati ooli deggondirɗi, ngoni e hakkunde hee.
ful_000049|Go’o ɓeydaa heen ɗiɗi, tottu maa tati.
ful_000051|nan
ful_000054|Sappoɓal miliyoŋ geɗe woni ujunnaaje teemedere
ful_000056|nan
ful_000059|nan
ful_000063|E nder lewru colte, to Dakaar, waɗiino ñalawma ɓuuɓɗo. Ñande heen, nguleeki kii diwaano degereeji noogaas. Nde ki lesɗi ndee, ki tolninoo ko e degereeji sappo e jeegom.
ful_000069|nan
ful_000074|nan
ful_000079|Yeru, e rogere sappo-e-ɗiɗaɓere: sappo-e-ɗiɗi lewru e hitaande hee, ko lewru weltaare, sappo e ɗiɗo yimooɓe mbayliima to Place de la Nation sénégalaise.
ful_000080|E ngal natal ƴettangal e sit gooto, eɗen nji’a heen ladde sukkunde e lekɗe keewɗe, eɗen cooynoo kaaƴe toowɗe dow asamaan, mo goobu baka, ina waɗi seeɗa duule.
ful_000081|Nayaɓal teemedere fota e noogaas e joyi
ful_000085|To Kawlak toya, caggal ñalawma gulɗo haa tolnii e degereeji capanɗe tati e jeenayi, e kikiiɗe hee, nguleeki kii ustiima haa tolnii e degereeji sappo e ɗiɗi.
ful_000100|nan
ful_000101|nan
ful_000102|nan
ful_000105|nan
ful_000107|Nayaɓal teemedere fota e noogaas e joyi
ful_000108|Hannde ko ko jogori wulde. Naange ngee maa feeñ no feewi, etee maa nguleeki kii tolno e degereeji capanɗe nayi e jeetati.
ful_000109|nan
ful_000115|ɗiɗaɓal goo so ɓeydaama jeegoɓal goo fota e tataɓe ɗiɗi.
ful_000118|nan
ful_000121|Miliyoŋ peccaaɗo pecce joyi fota e ujunnaaje teemedde ɗiɗi
ful_000123|nan
ful_000130|nan
ful_000135|Nji’at-mi e natal ngal ko janngoowo gooto natɗo mbege mo goobu baka e hoodere raneere, ina waɗi cate jeegom, ina woni kadi e nder mbege oo, e hakkunde mum teru.
ful_000148|Barraade ɓaleere, waɗnde ko ranwi, ina uddaa haa tiiɗi, fawaa e dow jayngol boɗewol coy.
ful_000153|nan
ful_000154|Ko miin fawi e dow taabal hee pom, mo goobu haako, gonɗo caggal feccere pom, mo goobu haako.
ful_000157|nan
ful_000159|nan
ful_000160|nan
ful_000167|nan
ful_000172|nan
ful_000173|nan
ful_000176|Eɗen mbaawi wi’de ko nji’aten koo, ko fallanteere, pot piindi baɗɗo piindol cowtingol ina fawaa heen, ridooji ɗii ina ngudditaa.
ful_000180|Joyaɓal cowangal laabi noogaas, ɓeydee heen capanɗe tati, ɓeydee kadi capanɗe nayi hawra sappo e jeetati.
ful_000182|nan
ful_000187|nan
ful_000188|nan
ful_000192|Ko nji’aten ɗoo koo, ina waawi jaggireede pijirlooji cukalel tokosel, cowpotalji, kaareeji e tatiwalji baɗɗi goobuuji ceertuɗi, etee eɗi naatnaattondiree ngam feewnude huunde.
ful_000199|nan
ful_000206|nan
ful_000216|Neene am soodii tamaate ɗiɗi boɗeeje, kese, pettaaɗe jooni, eɗi ngoni caggal karot gooto boɗeejo keso pul.
ful_000219|ɗiɗaɓal goo so ɓeydaama jeegoɓal goo fota e tataɓe ɗiɗi.
ful_000225|Hannde ko ko jogori wulde. Naange ngee maa feeñ no feewi, etee maa nguleeki kii tolno e degereeji capanɗe nayi e jeetati.
ful_000233|nan
ful_000238|Sappo e go’o so a ɓeydii heen tati, tottu maa sappo e nayi.
ful_000239|Ndee yontere maa nguleeki kii tolno e degereeji noogaas e jeegom. So ki lesɗii, maa ki tolno e degereeji sappo e joyi. E ciimtol weeyo, ina jogori toɓde e ɗeen balɗe ɗiɗi.
ful_000252|nan
ful_000255|nan
ful_000261|nan
ful_000262|Nayaɓal teemedere fota e noogaas e joyi
ful_000263|Capanɗe jeegom feccee e hakkunde wonata ko capanɗe tati
ful_000264|Caggal nde cood-mi oo pom boɗeejo oo ko ɓooyi, etee mi ñaamaani ɗum, ko ndeen nji’-mi heen ngilngu mawngu, ina yalti heen.
ful_000270|Ñalawma hannde oo, asamaan oo ina waɗi duule, henndu nduu ina wifa doole haa tolnii e capanɗe jeetati e nder teemedere e waktu fof.
ful_000271|nan
ful_000273|nan
ful_000277|Ñande go’o lewru siilo, jamma oo fof ko ko jaangata haa tolnoo e degereeji sappo e tati e nder leydi ndii fof.
ful_000281|Waɗaa e natal ngal ko puccu, ngu goobu roos, laaci kii e leeɓi ɗii ina ndanwi tal, engu doga, naange ngee ina jiimi e maggu.
ful_000283|nan
ful_000285|Yeru, e rogere joyaɓere:  e ñalnde jeeɗaɓere e pottital ngal, Erling Haland naatnii bii mum jeeɗaɓiijo e nder pottitte jeeɗiɗi, ɗe waɗi e Manchester City.
ful_000288|Ñande go’o lewru siilo, jamma oo fof ko ko jaangata haa tolnoo e degereeji sappo e tati e nder leydi ndii fof.
ful_000290|nan
ful_000299|Sappo e go’o, so a sowii ɗum laabi teemedere e sappo, tottat maa ujunere e teemedde ɗiɗi e sappo
ful_000308|nan
ful_000309|Ñaaki tati diwooji, ngootu nguu ardii, ɗiɗi ɗii ngoni caggal, eɗi ndiwa dow piindi, etee eɗi ƴeewra bannge gooto.
ful_000313|nan
ful_000317|nan
ful_000318|So a ɓeydii jeeɗiɗi e jeegom tottu maa sappo e tati.
ful_000320|nan
ful_000322|Miliyoŋ peccaaɗo pecce joyi fota e ujunnaaje teemedde ɗiɗi
ful_000326|Joyaɓe ɗiɗi so sowaama e capanɗe jeetati, wona capanɗe jeetati e ɗiɗi.
ful_000327|So a ƴettii jeetati, a sowii ɗum laabi jeenayi, tottu maa capanɗe jeeɗiɗi e ɗiɗi.
ful_000330|nan
ful_000333|nan
ful_000341|nan
ful_000347|Nayaɓal teemedere fota e noogaas e joyi
ful_000356|ɗiɗaɓal goo so ɓeydaama jeegoɓal goo fota e tataɓe ɗiɗi.
ful_000357|Korwal ngal goobu cooyo ; ɓernde, nde goobu haako ina nataa e dow korwal ngal.
ful_000359|nan
ful_000372|Jeetaɓal tati, so a sowii ɗum laabi jeetati fota e tati.
ful_000373|So a ƴettii jeetati, a sowii ɗum laabi jeenayi, tottu maa capanɗe jeeɗiɗi e ɗiɗi.
ful_000379|nan
ful_000381|nan
ful_000384|nan
ful_000391|nan
ful_000393|nan
ful_000394|Jeetaɓal tati, so a sowii ɗum laabi jeetati fota e tati.
ful_000395|nan
ful_000398|Janngoowo oo soodii defte jeegom, ɗe fawondiri ngam tarde, ngam heblude memuwaar, mo o winndata oo.
ful_000399|nan
ful_000400|So a ƴettii sappo e ɗiɗi, a sowii ɗum laabi nayi, ndañaa capanɗe nayi e nayi.
ful_000405|Natal jooɗngal nji’aten ɗoo. Haayre waɗnde kuɗooli, ɗi goobu haako ina kurli maayo wooto, e les asamaan ƴiiwnuɗo.
ful_000407|nan
ful_000409|Caggal nde cood-mi oo pom boɗeejo oo ko ɓooyi, etee mi ñaamaani ɗum, ko ndeen nji’-mi heen ngilngu mawngu, ina yalti heen.
ful_000410|Yeru, e rogere nayaɓere: ɓiy taanam nayaɓo oo resii rewɓe nayo, ɓe nganndu-ɗaa, gooto heen fof jibinii sukaaɓe nayo.
ful_000412|Leggal, ngal goobu haako gittangal e lekki banana, etee engal wondi e koɓi mum ɗi goobu haako, bananuuji oolɗi ina pawaa kadi yeeso leggal ngal.
ful_000415|nan
ful_000417|Miɗo yi’a galle sukaaɓe njoyo: gadano oo ko suka debbo, ɗiɗaɓo oo ko suka gorko, tataɓo oo ko suka debbo, tataɓo oo e joyaɓo oo ko sukaaɓe worɓe.
ful_000421|Sappo e go’o, so a sowii ɗum laabi teemedere e sappo, tottat maa ujunere e teemedde ɗiɗi e sappo
ful_000431|nan
ful_000433|So nayaɓal go’oo sowaama laabi nayi wona joyi.
ful_000434|nan
ful_000438|Natal lewru ji’otoondu dow asamaan e nder feccere jamma, ina tiimi maayo deeƴngo.
ful_000439|nan
ful_000440|nan
ful_000441|"Ladde sukkunde yahdunde e asamaan laaɓɗo baɗɗo duule seeɗa. Eɗen cooynoo kadi ""volcan"" mo yaltinaani hay dara."
ful_000444|E ngal natal, cukalel ngel ko ko yiɗi hollitde puɗal naange yaltoowe e duule ɗee.
ful_000450|Barraade ɓaleere, waɗnde ko ranwi, ina uddaa haa tiiɗi, fawaa e dow jayngol boɗewol coy.
ful_000451|Ñalawma hannde oo, asamaan oo ina waɗi duule, henndu nduu ina wifa doole haa tolnii e capanɗe jeetati e nder teemedere e waktu fof.
ful_000455|Miliyoŋ peccaaɗo pecce joyi fota e ujunnaaje teemedde ɗiɗi
ful_000456|Waɗaa e natal ngal ko puccu, ngu goobu roos, laaci kii e leeɓi ɗii ina ndanwi tal, engu doga, naange ngee ina jiimi e maggu.
ful_000459|nan
ful_000460|nan
ful_000469|"Ladde sukkunde yahdunde e asamaan laaɓɗo baɗɗo duule seeɗa. Eɗen cooynoo kadi ""volcan"" mo yaltinaani hay dara."
ful_000470|nan
ful_000478|ɗiɗaɓal goo so ɓeydaama jeegoɓal goo fota e tataɓe ɗiɗi.
ful_000490|nan
ful_000493|nan
ful_000496|nan
ful_000501|Nayaɓal tati so sowaama e teemedere e noogaas, wona capanɗe nayi
ful_000512|nan
ful_000513|Suka gorko oo ko ko nati e kayee mum welo baɗɗo ponooje ɗiɗi.
ful_000516|nan
ful_000518|nan
ful_000520|nan
ful_000527|Gorko dañɗo duuɓi capanɗe tati, ombo ñaantii ha o yooɗi, ombo jooɗii e jooɗorgal, ombo fawondiri koyɗe, omo jogii kayitol surnaal, ombo tara ngam humpitaade kabaruuji jolɗi…
ful_000530|Suka gorko oo ko ko nati e kayee mum welo baɗɗo ponooje ɗiɗi.
ful_000531|So nayaɓal go’oo sowaama laabi nayi wona joyi.
ful_000535|ɗiɗaɓal goo so ɓeydaama jeegoɓal goo fota e tataɓe ɗiɗi.
ful_000554|nan
ful_000556|nan
ful_000561|nan
ful_000562|nan
ful_000566|Feccere go’o so sowaama laabi teemedere, hawra e capanɗe joyi.
ful_000573|nan
ful_000579|nan
ful_000585|nan
ful_000592|E ngal natal, eɗen nji’a ɓiɗɗo gonɗo hakkunde baaba mum e neene mum, yummiraaɗo oo heedi mbo nano, baabiraaɗo heedi mbo ñaamo.
ful_000607|Neene am fawii e dow taabal ngal orasuuji ɗiɗi kuftaaɗi jooni jooni, o takkondiri ɗi e feccere oraas gooto, gonɗo yeeso ɗiɗi ɗii.
ful_000611|Neene am fawii e dow taabal ngal orasuuji ɗiɗi kuftaaɗi jooni jooni, o takkondiri ɗi e feccere oraas gooto, gonɗo yeeso ɗiɗi ɗii.
ful_000612|nan
ful_000613|nan
ful_000621|nan
ful_000622|Hannde ko ko jogori wulde. Naange ngee maa feeñ no feewi, etee maa nguleeki kii tolno e degereeji capanɗe nayi e jeetati.
ful_000623|Feccere go’o so sowaama laabi teemedere, hawra e capanɗe joyi.
ful_000629|nan
ful_000633|nan
ful_000636|Cukalel gorel dogowel caggal fuku-bal ngam fettude ɗum.
ful_000645|nan
ful_000652|nan
ful_000654|nan
ful_000655|Jeetaɓal tati, so a sowii ɗum laabi jeetati fota e tati.
ful_000658|Mboɗdi ndii nani taarii catal lekki, ina yaltini ɗemngal mum.
ful_000667|Hikka, leydi Kanadaa ina jaangi haa ɓurti. Alet gooto, to wuro Yukon, weeyo ngoo ko ko jippii tan haa lesɗi degereeji sappo e tati caggal mere.
ful_000674|nan
ful_000684|nan
ful_000689|Poŋ gooto mahaaɗo no laañal e dow maayo. Potooji lampa ooli ina cawndinaa e banngeeji makko ɗiɗi ɗii.
ful_000691|So a ƴettii jeetati, a sowii ɗum laabi jeenayi, tottu maa capanɗe jeeɗiɗi e ɗiɗi.
ful_000693|Waɗaa e natal ngal ko puccu, ngu goobu roos, laaci kii e leeɓi ɗii ina ndanwi tal, engu doga, naange ngee ina jiimi e maggu.
ful_000695|nan
ful_000696|Ñalawma hannde oo, asamaan oo ina waɗi duule, henndu nduu ina wifa doole haa tolnii e capanɗe jeetati e nder teemedere e waktu fof.
ful_000697|nan
ful_000698|Sappo e go’o so a ɓeydii heen tati, tottu maa sappo e nayi.
ful_000703|Mboɗdi ndii nani taarii catal lekki, ina yaltini ɗemngal mum.
ful_000705|nan
ful_000707|nan
ful_000708|nan
ful_000710|Eɗen mbaawi wi’de ko nji’aten koo, ko fallanteere, pot piindi baɗɗo piindol cowtingol ina fawaa heen, ridooji ɗii ina ngudditaa.
ful_000721|So a ƴettii sappo e ɗiɗi, a sowii ɗum laabi nayi, ndañaa capanɗe nayi e nayi.
ful_000733|nan
ful_000738|Ñalawma hannde oo, asamaan oo ina waɗi duule, henndu nduu ina wifa doole haa tolnii e capanɗe jeetati e nder teemedere e waktu fof.
ful_000747|nan
ful_000750|Natal jooɗngal nji’aten ɗoo. Haayre waɗnde kuɗooli, ɗi goobu haako ina kurli maayo wooto, e les asamaan ƴiiwnuɗo.
ful_000751|nan
ful_000754|Ko miin fawi e dow taabal hee pom, mo goobu haako, gonɗo caggal feccere pom, mo goobu haako.
ful_000756|nan
ful_000766|nan
ful_000767|nan
ful_000769|nan
ful_000773|Natal jooɗngal nji’aten ɗoo. Haayre waɗnde kuɗooli, ɗi goobu haako ina kurli maayo wooto, e les asamaan ƴiiwnuɗo.
ful_000775|nan
ful_000781|Cowpotal ngal goobu wiyolee nji’aten, tati pentagon ɗi goobu giri, ɗiɗi ɗii ina keedi dow, gooto oo ina heedi les e hakkunde ɗiɗi ɗii.
ful_000782|nan
ful_000783|Jeetaɓal tati, so a sowii ɗum laabi jeetati fota e tati.
ful_000784|nan
ful_000786|nan
ful_000790|nan
ful_000794|E nder lewru colte, to Dakaar, waɗiino ñalawma ɓuuɓɗo. Ñande heen, nguleeki kii diwaano degereeji noogaas. Nde ki lesɗi ndee, ki tolninoo ko e degereeji sappo e jeegom.
ful_000796|nan
ful_000797|Miɗo yi’a galle sukaaɓe njoyo: gadano oo ko suka debbo, ɗiɗaɓo oo ko suka gorko, tataɓo oo ko suka debbo, tataɓo oo e joyaɓo oo ko sukaaɓe worɓe.
ful_000798|Janngoowo oo ko ko nati mbegeyal, ngal goobu wiyolee, naatni nder heen mbege gooto daneejo. E nder oon mbege daneejo, o waɗii kaareeji tati ooli deggondirɗi, ngoni e hakkunde hee.
ful_000799|E ngal natal ƴettangal e sit gooto, eɗen nji’a heen ladde sukkunde e lekɗe keewɗe, eɗen cooynoo kaaƴe toowɗe dow asamaan, mo goobu baka, ina waɗi seeɗa duule.
ful_000802|Nayaɓal teemedere fota e noogaas e joyi
ful_000803|nan
ful_000810|nan
ful_000813|Caggal nde cood-mi oo pom boɗeejo oo ko ɓooyi, etee mi ñaamaani ɗum, ko ndeen nji’-mi heen ngilngu mawngu, ina yalti heen.
ful_000814|Natal lewru ji’otoondu dow asamaan e nder feccere jamma, ina tiimi maayo deeƴngo.
ful_000816|nan
ful_000817|nan
ful_000819|nan
ful_000820|nan
ful_000822|Ko neene am fawi dow taabal ñaamirgal, ngal kaasuuji nayi, o reggondiri ɗi, etee eɗi njogii goobuuji ceertuɗi.
ful_000823|nan
ful_000831|nan
ful_000832|Ko miin fawi e dow taabal hee pom, mo goobu haako, gonɗo caggal feccere pom, mo goobu haako.
ful_000833|nan
ful_000835|nan
ful_000843|Sappoɓal miliyoŋ geɗe woni ujunnaaje teemedere
ful_000856|Yeru, e rogere nayaɓere: ɓiy taanam nayaɓo oo resii rewɓe nayo, ɓe nganndu-ɗaa, gooto heen fof jibinii sukaaɓe nayo.
ful_000862|Barraade ɓaleere, waɗnde ko ranwi, ina uddaa haa tiiɗi, fawaa e dow jayngol boɗewol coy.
ful_000865|nan
ful_000867|nan
ful_000877|nan
ful_000878|Hannde, to Tammbaakundaa, diiwaan keedɗo fuɗnaange leydi Senegaal, maa ñalawma oo wul no feewi sabu nguleeki kii maa toow haa tolnoo e degereeji capanɗe nayi e joyi.
ful_000880|nan
ful_000885|Capanɗe jeegom feccee e hakkunde wonata ko capanɗe tati
ful_000887|ɗiɗaɓal goo so ɓeydaama jeegoɓal goo fota e tataɓe ɗiɗi.
ful_000895|Cukalel gorel dogowel caggal fuku-bal ngam fettude ɗum.
ful_000900|Nayaɓal tati so sowaama e teemedere e noogaas, wona capanɗe nayi
ful_000904|Neene am soodii tamaate ɗiɗi boɗeeje, kese, pettaaɗe jooni, eɗi ngoni caggal karot gooto boɗeejo keso pul.
ful_000913|nan
ful_000924|nan
ful_000935|nan
ful_000936|nan
ful_000939|nan
ful_000942|Sappoɓal miliyoŋ geɗe woni ujunnaaje teemedere
ful_000951|nan
ful_000954|Go’o ɓeydaa heen ɗiɗi, tottu maa tati.
ful_000955|Joyaɓal cowangal laabi noogaas, ɓeydee heen capanɗe tati, ɓeydee kadi capanɗe nayi hawra sappo e jeetati.
ful_000957|nan
ful_000966|nan
ful_000968|nan
ful_000972|Sagata gorko oo nehat rawaandu, ndu nji’-ɗen e natal ngal, endu fijira bal oo, etee ombo haɓɓani ndu ɓoggol e daande ndee.
ful_000973|Tatiwal ngal goobu haako, engal woni dow mbege mo goobu baka, ina takkondiri e maggal. Mbege mo haako gonɗo les tatiwal, ngal goobu haako takkondirngal e mbege oo.
ful_000977|nan
ful_000986|nan
ful_000989|Ñaaki tati diwooji, ngootu nguu ardii, ɗiɗi ɗii ngoni caggal, eɗi ndiwa dow piindi, etee eɗi ƴeewra bannge gooto.
ful_000990|nan
ful_000993|Joyaɓal cowangal laabi noogaas, ɓeydee heen capanɗe tati, ɓeydee kadi capanɗe nayi hawra sappo e jeetati.
ful_000995|E ngal natal ƴettangal e sit gooto, eɗen nji’a heen ladde sukkunde e lekɗe keewɗe, eɗen cooynoo kaaƴe toowɗe dow asamaan, mo goobu baka, ina waɗi seeɗa duule.
ful_000997|Sappoɓal miliyoŋ geɗe woni ujunnaaje teemedere
ful_001006|Cukalel gorel dogowel caggal fuku-bal ngam fettude ɗum.
ful_001007|nan
ful_001011|nan
ful_001026|nan
ful_001027|nan
ful_001031|Janngoowo oo soodii defte jeegom, ɗe fawondiri ngam tarde, ngam heblude memuwaar, mo o winndata oo.
ful_001035|Janngoowo oo soodii defte jeegom, ɗe fawondiri ngam tarde, ngam heblude memuwaar, mo o winndata oo.
ful_001047|So capanɗe jeegom feccaama laabi tati wona noogaas.
ful_001049|nan
ful_001052|Hannde ko ko jogori wulde. Naange ngee maa feeñ no feewi, etee maa nguleeki kii tolno e degereeji capanɗe nayi e jeetati.
ful_001057|nan
ful_001058|nan
ful_001068|nan
ful_001069|nan
ful_001070|So a ƴettii sappo, a sowii ɗum laabi sappo, tottat maa ko teemedere.
ful_001073|Ko neene am fawi dow taabal ñaamirgal, ngal kaasuuji nayi, o reggondiri ɗi, etee eɗi njogii goobuuji ceertuɗi.
ful_001075|nan
ful_001076|nan
ful_001078|So a ƴettii jeetati, a sowii ɗum laabi jeenayi, tottu maa capanɗe jeeɗiɗi e ɗiɗi.
ful_001080|Ñande go’o lewru siilo, jamma oo fof ko ko jaangata haa tolnoo e degereeji sappo e tati e nder leydi ndii fof.
ful_001085|Ñalawma hannde oo, asamaan oo ina waɗi duule, henndu nduu ina wifa doole haa tolnii e capanɗe jeetati e nder teemedere e waktu fof.
ful_001086|nan
ful_001087|nan
ful_001088|Cowpotal ngal goobu wiyolee nji’aten, tati pentagon ɗi goobu giri, ɗiɗi ɗii ina keedi dow, gooto oo ina heedi les e hakkunde ɗiɗi ɗii.
ful_001089|Go’o ɓeydaa heen ɗiɗi, tottu maa tati.
ful_001095|Jeetaɓal tati, so a sowii ɗum laabi jeetati fota e tati.
ful_001098|Feccere go’o so sowaama laabi teemedere, hawra e capanɗe joyi.
ful_001103|nan
ful_001104|nan
ful_001105|So a sowii nayi laabi joyi tottu maa noogaas.
ful_001110|nan
ful_001111|nan
ful_001112|Miliyoŋ peccaaɗo pecce joyi fota e ujunnaaje teemedde ɗiɗi
ful_001117|nan
ful_001121|Suka gorko oo ko ko nati e kayee mum welo baɗɗo ponooje ɗiɗi.
ful_001122|nan
ful_001125|nan
ful_001126|nan
ful_001127|nan
ful_001137|nan
ful_001139|E ngal natal, cukalel ngel ko ko yiɗi hollitde puɗal naange yaltoowe e duule ɗee.
ful_001143|nan
ful_001145|nan
ful_001148|nan
ful_001160|nan
ful_001164|Ko neene am fawi dow taabal ñaamirgal, ngal kaasuuji nayi, o reggondiri ɗi, etee eɗi njogii goobuuji ceertuɗi.
ful_001168|Gaynaako oo ina jogii ngaari mawndi, ndi nguru mum waɗi ko ranwni e ko ɓawli, endi darii, endi yeeɓa yeeso makko.
ful_001169|nan
ful_001180|nan
ful_001183|Sappo e go’o, so a sowii ɗum laabi teemedere e sappo, tottat maa ujunere e teemedde ɗiɗi e sappo
ful_001185|nan
ful_001186|nan
ful_001187|So capanɗe jeegom feccaama laabi tati wona noogaas.
ful_001188|nan
ful_001192|Poŋ gooto mahaaɗo no laañal e dow maayo. Potooji lampa ooli ina cawndinaa e banngeeji makko ɗiɗi ɗii.
ful_001196|Baaba am, caggal nde heɗii kabaruuji metewoo, yaltinii parayseewal mum baɗngal goobuuji keewɗi, ceertuɗi, o udditi ngal.
ful_001197|Ko neene am fawi dow taabal ñaamirgal, ngal kaasuuji nayi, o reggondiri ɗi, etee eɗi njogii goobuuji ceertuɗi.
ful_001200|nan
ful_001204|Baaba am, caggal nde heɗii kabaruuji metewoo, yaltinii parayseewal mum baɗngal goobuuji keewɗi, ceertuɗi, o udditi ngal.
ful_001209|E ngal natal, eɗen nji’a heen ladde sukkunde, naange e dow asamaan laaɓɗo. Ina waɗi nagge wonnge hedde lekki, enge dura.
ful_001215|nan
ful_001218|nan
ful_001220|nan
ful_001226|nan
ful_001232|nan
ful_001233|nan
ful_001236|Hikka, leydi Kanadaa ina jaangi haa ɓurti. Alet gooto, to wuro Yukon, weeyo ngoo ko ko jippii tan haa lesɗi degereeji sappo e tati caggal mere.
ful_001237|Sappo e go’o, so a sowii ɗum laabi teemedere e sappo, tottat maa ujunere e teemedde ɗiɗi e sappo
ful_001239|nan
ful_001241|E ngal natal, cukalel ngel ko ko yiɗi hollitde puɗal naange yaltoowe e duule ɗee.
ful_001244|nan
ful_001250|Baaba am, caggal nde heɗii kabaruuji metewoo, yaltinii parayseewal mum baɗngal goobuuji keewɗi, ceertuɗi, o udditi ngal.
ful_001252|E ngal natal, eɗen nji’a heen ladde sukkunde, naange e dow asamaan laaɓɗo. Ina waɗi nagge wonnge hedde lekki, enge dura.
ful_001256|So a sowii nayi laabi joyi tottu maa noogaas.
ful_001257|nan
ful_001258|nan
ful_001268|nan
ful_001275|So a ɓeydii jeeɗiɗi e jeegom tottu maa sappo e tati.
ful_001276|So a sowii nayi laabi joyi tottu maa noogaas.
ful_001277|nan
ful_001290|nan
ful_001300|nan
ful_001304|nan
ful_001309|nan
ful_001313|ɗiɗaɓal goo so ɓeydaama jeegoɓal goo fota e tataɓe ɗiɗi.
ful_001315|nan
ful_001316|nan
ful_001318|Neene am fawii e dow taabal ngal orasuuji ɗiɗi kuftaaɗi jooni jooni, o takkondiri ɗi e feccere oraas gooto, gonɗo yeeso ɗiɗi ɗii.
ful_001319|Sagata gorko oo nehat rawaandu, ndu nji’-ɗen e natal ngal, endu fijira bal oo, etee ombo haɓɓani ndu ɓoggol e daande ndee.
ful_001325|nan
ful_001327|nan
ful_001328|E ngal natal, cukalel ngel ko ko yiɗi hollitde puɗal naange yaltoowe e duule ɗee.
ful_001332|nan
ful_001333|nan
ful_001337|Nji’at-mi e natal ngal ko janngoowo gooto natɗo mbege mo goobu baka e hoodere raneere, ina waɗi cate jeegom, ina woni kadi e nder mbege oo, e hakkunde mum teru.
ful_001342|Sappoɓal miliyoŋ geɗe woni ujunnaaje teemedere
ful_001343|Natal jooɗngal nji’aten ɗoo. Haayre waɗnde kuɗooli, ɗi goobu haako ina kurli maayo wooto, e les asamaan ƴiiwnuɗo.
ful_001344|Ko miin fawi e dow taabal hee pom, mo goobu haako, gonɗo caggal feccere pom, mo goobu haako.
ful_001349|Yeru, e rogere capanɗe tati: sagata gorko mawninoowo maanditaare jibinegol mum (aniwerseer), soodii gato, fecci ɗum e galleeji capanɗe tati, ngam mawninde duuɓi mum capanɗe tati.
ful_001352|Barraade ɓaleere, waɗnde ko ranwi, ina uddaa haa tiiɗi, fawaa e dow jayngol boɗewol coy.
ful_001353|Janngoowo oo soodii defte jeegom, ɗe fawondiri ngam tarde, ngam heblude memuwaar, mo o winndata oo.
ful_001355|nan
ful_001362|nan
ful_001363|nan
ful_001364|Waɗaa e natal ngal ko puccu, ngu goobu roos, laaci kii e leeɓi ɗii ina ndanwi tal, engu doga, naange ngee ina jiimi e maggu.
ful_001379|nan
ful_001382|Yeru, e rogere sappo-e-ɗiɗaɓere: sappo-e-ɗiɗi lewru e hitaande hee, ko lewru weltaare, sappo e ɗiɗo yimooɓe mbayliima to Place de la Nation sénégalaise.
ful_001384|nan
ful_001386|Mboɗdi ndii nani taarii catal lekki, ina yaltini ɗemngal mum.
ful_001389|Ko neene am fawi dow taabal ñaamirgal, ngal kaasuuji nayi, o reggondiri ɗi, etee eɗi njogii goobuuji ceertuɗi.
ful_001391|nan
ful_001392|nan
ful_001395|nan
ful_001396|nan
ful_001404|nan
ful_001426|nan
ful_001427|nan
ful_001428|nan
ful_001429|Yeru, e rogere capanɗe tati: sagata gorko mawninoowo maanditaare jibinegol mum (aniwerseer), soodii gato, fecci ɗum e galleeji capanɗe tati, ngam mawninde duuɓi mum capanɗe tati.
ful_001430|nan
ful_001431|Suka gorko oo ko ko nati e kayee mum welo baɗɗo ponooje ɗiɗi.
ful_001433|nan
ful_001436|nan
ful_001437|nan
ful_001439|Neene am fawii e dow taabal ngal orasuuji ɗiɗi kuftaaɗi jooni jooni, o takkondiri ɗi e feccere oraas gooto, gonɗo yeeso ɗiɗi ɗii.
ful_001440|Cowpotal ngal goobu wiyolee nji’aten, tati pentagon ɗi goobu giri, ɗiɗi ɗii ina keedi dow, gooto oo ina heedi les e hakkunde ɗiɗi ɗii.
ful_001443|So nayaɓal go’oo sowaama laabi nayi wona joyi.
ful_001444|nan
ful_001451|nan
ful_001455|Cukalel gorel dogowel caggal fuku-bal ngam fettude ɗum.
ful_001458|Sappoɓal miliyoŋ geɗe woni ujunnaaje teemedere
ful_001459|So capanɗe jeegom feccaama laabi tati wona noogaas.
ful_001461|nan
ful_001466|nan
ful_001482|Capanɗe jeegom feccee e hakkunde wonata ko capanɗe tati
ful_001484|nan
ful_001487|E ngal natal, eɗen nji’a heen ladde sukkunde, naange e dow asamaan laaɓɗo. Ina waɗi nagge wonnge hedde lekki, enge dura.
ful_001489|Yeru, e rogere nayaɓere: ɓiy taanam nayaɓo oo resii rewɓe nayo, ɓe nganndu-ɗaa, gooto heen fof jibinii sukaaɓe nayo.
ful_001491|nan
ful_001497|Kareeji tati ɗi goomu cooyum deggondirɗi, ina keedi bannge ñaamo, e mbegeeji ɗiɗi, ɗi goobu baka pawndirɗi, ina keedi bannge ñaamo. Ko ɗuum feeñi e ngal natal.
ful_001498|nan
ful_001511|Ñande go’o lewru siilo, jamma oo fof ko ko jaangata haa tolnoo e degereeji sappo e tati e nder leydi ndii fof.
ful_001515|nan
ful_001519|nan
ful_001524|nan
ful_001526|nan
ful_001528|nan
ful_001531|nan
ful_001538|nan
ful_001540|Poŋ gooto mahaaɗo no laañal e dow maayo. Potooji lampa ooli ina cawndinaa e banngeeji makko ɗiɗi ɗii.
ful_001541|Ko miin fawi e dow taabal hee pom, mo goobu haako, gonɗo caggal feccere pom, mo goobu haako.
ful_001543|nan
ful_001546|nan
ful_001549|nan
ful_001551|Ko neene am fawi dow taabal ñaamirgal, ngal kaasuuji nayi, o reggondiri ɗi, etee eɗi njogii goobuuji ceertuɗi.
ful_001552|nan
ful_001559|nan
ful_001563|Hannde ko ko jogori wulde. Naange ngee maa feeñ no feewi, etee maa nguleeki kii tolno e degereeji capanɗe nayi e jeetati.
ful_001565|nan
ful_001568|nan
ful_001572|nan
ful_001575|"Ladde sukkunde yahdunde e asamaan laaɓɗo baɗɗo duule seeɗa. Eɗen cooynoo kadi ""volcan"" mo yaltinaani hay dara."
ful_001578|To Kawlak toya, caggal ñalawma gulɗo haa tolnii e degereeji capanɗe tati e jeenayi, e kikiiɗe hee, nguleeki kii ustiima haa tolnii e degereeji sappo e ɗiɗi.
ful_001581|Neene am soodii tamaate ɗiɗi boɗeeje, kese, pettaaɗe jooni, eɗi ngoni caggal karot gooto boɗeejo keso pul.
ful_001584|nan
ful_001592|So a ƴettii jeetati, a sowii ɗum laabi jeenayi, tottu maa capanɗe jeeɗiɗi e ɗiɗi.
ful_001595|nan
ful_001597|Poŋ gooto mahaaɗo no laañal e dow maayo. Potooji lampa ooli ina cawndinaa e banngeeji makko ɗiɗi ɗii.
ful_001598|So a ɓeydii jeeɗiɗi e jeegom tottu maa sappo e tati.
ful_001600|nan
ful_001601|Korwal ngal goobu cooyo ; ɓernde, nde goobu haako ina nataa e dow korwal ngal.
ful_001607|Ko neene am fawi dow taabal ñaamirgal, ngal kaasuuji nayi, o reggondiri ɗi, etee eɗi njogii goobuuji ceertuɗi.
ful_001608|nan
ful_001609|nan
ful_001613|nan
ful_001619|nan
ful_001620|nan
ful_001627|nan
ful_001630|nan
ful_001638|Ñaaki tati diwooji, ngootu nguu ardii, ɗiɗi ɗii ngoni caggal, eɗi ndiwa dow piindi, etee eɗi ƴeewra bannge gooto.
ful_001644|Yeru, e rogere capanɗe tati: sagata gorko mawninoowo maanditaare jibinegol mum (aniwerseer), soodii gato, fecci ɗum e galleeji capanɗe tati, ngam mawninde duuɓi mum capanɗe tati.
ful_001646|E ngal natal, eɗen nji’a ɓiɗɗo gonɗo hakkunde baaba mum e neene mum, yummiraaɗo oo heedi mbo nano, baabiraaɗo heedi mbo ñaamo.
ful_001656|Nji’at-mi e natal ngal ko janngoowo gooto natɗo mbege mo goobu baka e hoodere raneere, ina waɗi cate jeegom, ina woni kadi e nder mbege oo, e hakkunde mum teru.
ful_001657|nan
ful_001659|Nayaɓal teemedere fota e noogaas e joyi
ful_001662|nan
ful_001663|Caggal nde cood-mi oo pom boɗeejo oo ko ɓooyi, etee mi ñaamaani ɗum, ko ndeen nji’-mi heen ngilngu mawngu, ina yalti heen.
ful_001668|nan
ful_001671|Sagata gorko oo nehat rawaandu, ndu nji’-ɗen e natal ngal, endu fijira bal oo, etee ombo haɓɓani ndu ɓoggol e daande ndee.
ful_001672|nan
ful_001673|nan
ful_001676|nan
ful_001679|nan
ful_001680|nan
ful_001681|nan
ful_001682|nan
ful_001683|nan
ful_001684|Ko nji’ataa e natal ngal koo, ko mbegeyel danewel, engel woni e nder mbegeyal goɗngal, ngal goobu roos, kural oolal kuccitngal bannge nano ngal, ina rewi e hakkunde mbegeeji ɗiɗi ɗii.
ful_001686|Nayaɓal tati so sowaama e teemedere e noogaas, wona capanɗe nayi
ful_001693|nan
ful_001695|nan
ful_001700|nan
ful_001703|Jeetaɓal tati, so a sowii ɗum laabi jeetati fota e tati.
ful_001707|Baaba am, caggal nde heɗii kabaruuji metewoo, yaltinii parayseewal mum baɗngal goobuuji keewɗi, ceertuɗi, o udditi ngal.
ful_001709|nan
ful_001714|Gaynaako oo ina jogii ngaari mawndi, ndi nguru mum waɗi ko ranwni e ko ɓawli, endi darii, endi yeeɓa yeeso makko.
ful_001715|nan
ful_001723|nan
ful_001729|So a sowii nayi laabi joyi tottu maa noogaas.
ful_001730|E ngal natal, eɗen nji’a heen ladde sukkunde, naange e dow asamaan laaɓɗo. Ina waɗi nagge wonnge hedde lekki, enge dura.
ful_001731|nan
ful_001734|Caggal nde Abdu Jallo paasi mbo bal oo, kaŋko Saajo Maane, ko o pettuɗo bal oo, naati e nder caakuuji ɗii.
ful_001736|nan
ful_001738|nan
ful_001744|Nayaɓal tati so sowaama e teemedere e noogaas, wona capanɗe nayi
ful_001750|Sappo e go’o so a ɓeydii heen tati, tottu maa sappo e nayi.
ful_001753|nan
ful_001759|nan
ful_001769|Feccere go’o so sowaama laabi teemedere, hawra e capanɗe joyi.
ful_001770|To Kawlak toya, caggal ñalawma gulɗo haa tolnii e degereeji capanɗe tati e jeenayi, e kikiiɗe hee, nguleeki kii ustiima haa tolnii e degereeji sappo e ɗiɗi.
ful_001772|nan
ful_001776|Caggal nde cood-mi oo pom boɗeejo oo ko ɓooyi, etee mi ñaamaani ɗum, ko ndeen nji’-mi heen ngilngu mawngu, ina yalti heen.
ful_001778|nan
ful_001779|Eɗen mbaawi wi’de ko nji’aten koo, ko fallanteere, pot piindi baɗɗo piindol cowtingol ina fawaa heen, ridooji ɗii ina ngudditaa.
ful_001782|Nayaɓal tati so sowaama e teemedere e noogaas, wona capanɗe nayi
ful_001783|Miɗo yi’a galle sukaaɓe njoyo: gadano oo ko suka debbo, ɗiɗaɓo oo ko suka gorko, tataɓo oo ko suka debbo, tataɓo oo e joyaɓo oo ko sukaaɓe worɓe.
ful_001789|Leggal, ngal goobu haako gittangal e lekki banana, etee engal wondi e koɓi mum ɗi goobu haako, bananuuji oolɗi ina pawaa kadi yeeso leggal ngal.
ful_001798|nan
ful_001804|nan
ful_001806|So a sowii nayi laabi joyi tottu maa noogaas.
ful_001818|Caggal nde cood-mi oo pom boɗeejo oo ko ɓooyi, etee mi ñaamaani ɗum, ko ndeen nji’-mi heen ngilngu mawngu, ina yalti heen.
ful_001822|Hikka, leydi Kanadaa ina jaangi haa ɓurti. Alet gooto, to wuro Yukon, weeyo ngoo ko ko jippii tan haa lesɗi degereeji sappo e tati caggal mere.
ful_001825|nan
ful_001826|nan
ful_001829|nan
ful_001832|Caggal nde cood-mi oo pom boɗeejo oo ko ɓooyi, etee mi ñaamaani ɗum, ko ndeen nji’-mi heen ngilngu mawngu, ina yalti heen.
ful_001834|Ndee yontere maa nguleeki kii tolno e degereeji noogaas e jeegom. So ki lesɗii, maa ki tolno e degereeji sappo e joyi. E ciimtol weeyo, ina jogori toɓde e ɗeen balɗe ɗiɗi.
ful_001837|E ngal natal, eɗen nji’a heen ladde sukkunde, naange e dow asamaan laaɓɗo. Ina waɗi nagge wonnge hedde lekki, enge dura.
ful_001850|Sappoɓal miliyoŋ geɗe woni ujunnaaje teemedere
ful_001851|Sappo e go’o so a ɓeydii heen tati, tottu maa sappo e nayi.
ful_001852|nan
ful_001853|nan
ful_001854|So a sowii nayi laabi joyi tottu maa noogaas.
ful_001856|Barraade ɓaleere, waɗnde ko ranwi, ina uddaa haa tiiɗi, fawaa e dow jayngol boɗewol coy.
ful_001857|nan
ful_001859|nan
ful_001863|nan
ful_001866|Ko miin fawi e dow taabal hee pom, mo goobu haako, gonɗo caggal feccere pom, mo goobu haako.
ful_001867|Natal lewru ji’otoondu dow asamaan e nder feccere jamma, ina tiimi maayo deeƴngo.
ful_001869|So a ɓeydii jeeɗiɗi e jeegom tottu maa sappo e tati.
ful_001876|nan
ful_001882|Joyaɓal cowangal laabi noogaas, ɓeydee heen capanɗe tati, ɓeydee kadi capanɗe nayi hawra sappo e jeetati.
ful_001894|nan
ful_001904|Sappo e go’o, so a sowii ɗum laabi teemedere e sappo, tottat maa ujunere e teemedde ɗiɗi e sappo
ful_001915|nan
ful_001918|"Ladde sukkunde yahdunde e asamaan laaɓɗo baɗɗo duule seeɗa. Eɗen cooynoo kadi ""volcan"" mo yaltinaani hay dara."
ful_001921|nan
ful_001923|nan
ful_001927|Natal lewru ji’otoondu dow asamaan e nder feccere jamma, ina tiimi maayo deeƴngo.
ful_001929|nan
ful_001930|Cukalel gorel dogowel caggal fuku-bal ngam fettude ɗum.
ful_001932|Natal lewru ji’otoondu dow asamaan e nder feccere jamma, ina tiimi maayo deeƴngo.
ful_001936|Mboɗdi ndii nani taarii catal lekki, ina yaltini ɗemngal mum.
ful_001939|Joyaɓal cowangal laabi noogaas, ɓeydee heen capanɗe tati, ɓeydee kadi capanɗe nayi hawra sappo e jeetati.
ful_001940|nan
ful_001950|nan
ful_001957|Capanɗe jeegom feccee e hakkunde wonata ko capanɗe tati
ful_001961|nan
ful_001962|nan
ful_001965|nan
ful_001978|Miɗo yi’a galle sukaaɓe njoyo: gadano oo ko suka debbo, ɗiɗaɓo oo ko suka gorko, tataɓo oo ko suka debbo, tataɓo oo e joyaɓo oo ko sukaaɓe worɓe.
ful_001981|nan
ful_001988|nan
ful_001994|nan
ful_001996|E ngal natal, eɗen nji’a ɓiɗɗo gonɗo hakkunde baaba mum e neene mum, yummiraaɗo oo heedi mbo nano, baabiraaɗo heedi mbo ñaamo.
ful_002001|nan
ful_002003|nan
ful_002005|Kareeji tati ɗi goomu cooyum deggondirɗi, ina keedi bannge ñaamo, e mbegeeji ɗiɗi, ɗi goobu baka pawndirɗi, ina keedi bannge ñaamo. Ko ɗuum feeñi e ngal natal.
ful_002011|Joyaɓal cowangal laabi noogaas, ɓeydee heen capanɗe tati, ɓeydee kadi capanɗe nayi hawra sappo e jeetati.
ful_002012|Miɗo yi’a galle sukaaɓe njoyo: gadano oo ko suka debbo, ɗiɗaɓo oo ko suka gorko, tataɓo oo ko suka debbo, tataɓo oo e joyaɓo oo ko sukaaɓe worɓe.
ful_002013|nan
ful_002014|Joyaɓe ɗiɗi so sowaama e capanɗe jeetati, wona capanɗe jeetati e ɗiɗi.
ful_002017|nan
ful_002022|nan
ful_002025|Joyaɓal cowangal laabi noogaas, ɓeydee heen capanɗe tati, ɓeydee kadi capanɗe nayi hawra sappo e jeetati.
ful_002033|nan
ful_002034|Natal lewru ji’otoondu dow asamaan e nder feccere jamma, ina tiimi maayo deeƴngo.
ful_002044|nan
ful_002048|nan
ful_002051|Sappo e go’o, so a sowii ɗum laabi teemedere e sappo, tottat maa ujunere e teemedde ɗiɗi e sappo
ful_002053|nan
ful_002060|Tatiwal ngal goobu haako, engal woni dow mbege mo goobu baka, ina takkondiri e maggal. Mbege mo haako gonɗo les tatiwal, ngal goobu haako takkondirngal e mbege oo.
ful_002062|nan
ful_002066|nan
ful_002067|Jeeɗiɗi laabi jeetati, tottat maa ko capanɗe joyi e jeegom.
ful_002074|nan
ful_002077|nan
ful_002078|nan
ful_002084|nan
ful_002087|So nayaɓal go’oo sowaama laabi nayi wona joyi.
ful_002090|Yeru, e rogere nayaɓere: ɓiy taanam nayaɓo oo resii rewɓe nayo, ɓe nganndu-ɗaa, gooto heen fof jibinii sukaaɓe nayo.
ful_002093|nan
ful_002095|Gaynaako oo ina jogii ngaari mawndi, ndi nguru mum waɗi ko ranwni e ko ɓawli, endi darii, endi yeeɓa yeeso makko.
ful_002099|Korwal ngal goobu cooyo ; ɓernde, nde goobu haako ina nataa e dow korwal ngal.
ful_002100|So a ɓeydii jeeɗiɗi e jeegom tottu maa sappo e tati.
ful_002101|nan
ful_002104|nan
ful_002108|So a sowii nayi laabi joyi tottu maa noogaas.
ful_002112|nan
ful_002114|nan
ful_002115|Joyaɓe ɗiɗi so sowaama e capanɗe jeetati, wona capanɗe jeetati e ɗiɗi.
ful_002116|To Kawlak toya, caggal ñalawma gulɗo haa tolnii e degereeji capanɗe tati e jeenayi, e kikiiɗe hee, nguleeki kii ustiima haa tolnii e degereeji sappo e ɗiɗi.
ful_002119|So capanɗe jeegom feccaama laabi tati wona noogaas.
ful_002123|nan
ful_002124|E ngal natal, eɗen nji’a ɓiɗɗo gonɗo hakkunde baaba mum e neene mum, yummiraaɗo oo heedi mbo nano, baabiraaɗo heedi mbo ñaamo.
ful_002125|nan
ful_002127|nan
ful_002128|nan
ful_002134|nan
ful_002138|nan
ful_002139|nan
ful_002140|nan
ful_002142|Barraade ɓaleere, waɗnde ko ranwi, ina uddaa haa tiiɗi, fawaa e dow jayngol boɗewol coy.
ful_002144|nan
ful_002147|nan
ful_002151|Korwal ngal goobu cooyo ; ɓernde, nde goobu haako ina nataa e dow korwal ngal.
ful_002153|Nji’at-mi e natal ngal ko janngoowo gooto natɗo mbege mo goobu baka e hoodere raneere, ina waɗi cate jeegom, ina woni kadi e nder mbege oo, e hakkunde mum teru.
ful_002154|nan
ful_002155|nan
ful_002156|Capanɗe jeegom feccee e hakkunde wonata ko capanɗe tati
ful_002157|Jeetaɓal tati, so a sowii ɗum laabi jeetati fota e tati.
ful_002161|Jeeɗiɗi laabi jeetati, tottat maa ko capanɗe joyi e jeegom.
ful_002165|Ñande go’o lewru siilo, jamma oo fof ko ko jaangata haa tolnoo e degereeji sappo e tati e nder leydi ndii fof.
ful_002178|nan
ful_002182|nan
ful_002195|Barraade ɓaleere, waɗnde ko ranwi, ina uddaa haa tiiɗi, fawaa e dow jayngol boɗewol coy.
ful_002196|nan
ful_002198|Ko neene am fawi dow taabal ñaamirgal, ngal kaasuuji nayi, o reggondiri ɗi, etee eɗi njogii goobuuji ceertuɗi.
ful_002207|nan
ful_002208|Hikka, leydi Kanadaa ina jaangi haa ɓurti. Alet gooto, to wuro Yukon, weeyo ngoo ko ko jippii tan haa lesɗi degereeji sappo e tati caggal mere.
ful_002210|nan
ful_002211|nan
ful_002213|nan
ful_002214|Baaba am, caggal nde heɗii kabaruuji metewoo, yaltinii parayseewal mum baɗngal goobuuji keewɗi, ceertuɗi, o udditi ngal.
ful_002218|So a ƴettii sappo, a sowii ɗum laabi sappo, tottat maa ko teemedere.
ful_002220|nan
ful_002221|Ñaaki tati diwooji, ngootu nguu ardii, ɗiɗi ɗii ngoni caggal, eɗi ndiwa dow piindi, etee eɗi ƴeewra bannge gooto.
ful_002223|nan
ful_002226|Mboɗdi ndii nani taarii catal lekki, ina yaltini ɗemngal mum.
ful_002229|nan
ful_002230|nan
ful_002234|Sagata gorko oo nehat rawaandu, ndu nji’-ɗen e natal ngal, endu fijira bal oo, etee ombo haɓɓani ndu ɓoggol e daande ndee.
ful_002235|nan
ful_002237|Neene am soodii tamaate ɗiɗi boɗeeje, kese, pettaaɗe jooni, eɗi ngoni caggal karot gooto boɗeejo keso pul.
ful_002245|nan
ful_002247|nan
ful_002248|So a ƴettii jeetati, a sowii ɗum laabi jeenayi, tottu maa capanɗe jeeɗiɗi e ɗiɗi.
ful_002253|Jeeɗiɗi laabi jeetati, tottat maa ko capanɗe joyi e jeegom.
ful_002259|nan
ful_002260|So a ɓeydii jeeɗiɗi e jeegom tottu maa sappo e tati.
ful_002263|nan
ful_002264|nan
ful_002267|Suka gorko oo ko ko nati e kayee mum welo baɗɗo ponooje ɗiɗi.
ful_002271|nan
ful_002277|Cowpotal ngal goobu wiyolee nji’aten, tati pentagon ɗi goobu giri, ɗiɗi ɗii ina keedi dow, gooto oo ina heedi les e hakkunde ɗiɗi ɗii.
ful_002278|So a ƴettii sappo e ɗiɗi, a sowii ɗum laabi nayi, ndañaa capanɗe nayi e nayi.
ful_002284|nan
ful_002286|Yeru, e rogere nayaɓere: ɓiy taanam nayaɓo oo resii rewɓe nayo, ɓe nganndu-ɗaa, gooto heen fof jibinii sukaaɓe nayo.
ful_002296|Capanɗe jeegom feccee e hakkunde wonata ko capanɗe tati
ful_002298|nan
ful_002300|nan
ful_002301|nan
ful_002309|nan
ful_002310|nan
ful_002311|So a ƴettii sappo e ɗiɗi, a sowii ɗum laabi nayi, ndañaa capanɗe nayi e nayi.
ful_002313|nan
ful_002320|nan
ful_002327|E ngal natal, cukalel ngel ko ko yiɗi hollitde puɗal naange yaltoowe e duule ɗee.
ful_002339|nan
ful_002344|nan
ful_002357|nan
ful_002363|So a ɓeydii jeeɗiɗi e jeegom tottu maa sappo e tati.
ful_002370|nan
ful_002372|Korwal ngal goobu cooyo ; ɓernde, nde goobu haako ina nataa e dow korwal ngal.
ful_002375|nan
ful_002378|Yeru, e rogere joyaɓere:  e ñalnde jeeɗaɓere e pottital ngal, Erling Haland naatnii bii mum jeeɗaɓiijo e nder pottitte jeeɗiɗi, ɗe waɗi e Manchester City.
ful_002379|Poŋ gooto mahaaɗo no laañal e dow maayo. Potooji lampa ooli ina cawndinaa e banngeeji makko ɗiɗi ɗii.
ful_002392|Neene am soodii tamaate ɗiɗi boɗeeje, kese, pettaaɗe jooni, eɗi ngoni caggal karot gooto boɗeejo keso pul.
ful_002408|nan
ful_002412|Natal jooɗngal nji’aten ɗoo. Haayre waɗnde kuɗooli, ɗi goobu haako ina kurli maayo wooto, e les asamaan ƴiiwnuɗo.
ful_002413|Neene am soodii tamaate ɗiɗi boɗeeje, kese, pettaaɗe jooni, eɗi ngoni caggal karot gooto boɗeejo keso pul.
ful_002415|nan
ful_002424|"Ladde sukkunde yahdunde e asamaan laaɓɗo baɗɗo duule seeɗa. Eɗen cooynoo kadi ""volcan"" mo yaltinaani hay dara."
ful_002430|Jeeɗiɗi laabi jeetati, tottat maa ko capanɗe joyi e jeegom.
ful_002433|nan
ful_002439|nan
ful_002445|Miliyoŋ peccaaɗo pecce joyi fota e ujunnaaje teemedde ɗiɗi
ful_002452|Janngoowo oo soodii defte jeegom, ɗe fawondiri ngam tarde, ngam heblude memuwaar, mo o winndata oo.
ful_002456|Baaba am, caggal nde heɗii kabaruuji metewoo, yaltinii parayseewal mum baɗngal goobuuji keewɗi, ceertuɗi, o udditi ngal.
ful_002458|Nayaɓal tati so sowaama e teemedere e noogaas, wona capanɗe nayi
ful_002460|nan
ful_002463|nan
ful_002471|nan
ful_002474|Ko nji’aten ɗoo koo, ina waawi jaggireede pijirlooji cukalel tokosel, cowpotalji, kaareeji e tatiwalji baɗɗi goobuuji ceertuɗi, etee eɗi naatnaattondiree ngam feewnude huunde.
ful_002475|nan
ful_002481|nan
ful_002483|Nayaɓal tati so sowaama e teemedere e noogaas, wona capanɗe nayi
ful_002484|E yontere ñalawma sappo e jeenayaɓo haa ñalawma sappo e tataɓo e lewru colte hikka, ko sahaa mo yejjittaake sabu punndi keewndi, cuuɗnoondi asamaan oo e gure keewɗe e nder Senegaal.
ful_002491|Sagata gorko oo nehat rawaandu, ndu nji’-ɗen e natal ngal, endu fijira bal oo, etee ombo haɓɓani ndu ɓoggol e daande ndee.
ful_002504|Sappo e go’o so a ɓeydii heen tati, tottu maa sappo e nayi.
ful_002509|nan
ful_002511|Capanɗe jeegom feccee e hakkunde wonata ko capanɗe tati
ful_002515|Sappo e go’o so a ɓeydii heen tati, tottu maa sappo e nayi.
ful_002518|Go’o ɓeydaa heen ɗiɗi, tottu maa tati.
ful_002531|nan
ful_002535|nan
ful_002536|"Ladde sukkunde yahdunde e asamaan laaɓɗo baɗɗo duule seeɗa. Eɗen cooynoo kadi ""volcan"" mo yaltinaani hay dara."
ful_002538|nan
ful_002550|Leggal, ngal goobu haako gittangal e lekki banana, etee engal wondi e koɓi mum ɗi goobu haako, bananuuji oolɗi ina pawaa kadi yeeso leggal ngal.
ful_002559|nan
ful_002560|nan
ful_002564|nan
ful_002566|Sappo e go’o so a ɓeydii heen tati, tottu maa sappo e nayi.
ful_002581|nan
ful_002591|Natal lewru ji’otoondu dow asamaan e nder feccere jamma, ina tiimi maayo deeƴngo.
ful_002596|nan
ful_002608|nan
ful_002613|Hannde ko ko jogori wulde. Naange ngee maa feeñ no feewi, etee maa nguleeki kii tolno e degereeji capanɗe nayi e jeetati.
ful_002621|Miliyoŋ peccaaɗo pecce joyi fota e ujunnaaje teemedde ɗiɗi
ful_002623|nan
ful_002627|nan
ful_002637|nan
ful_002639|Leggal, ngal goobu haako gittangal e lekki banana, etee engal wondi e koɓi mum ɗi goobu haako, bananuuji oolɗi ina pawaa kadi yeeso leggal ngal.
ful_002642|So a ƴettii jeetati, a sowii ɗum laabi jeenayi, tottu maa capanɗe jeeɗiɗi e ɗiɗi.
ful_002643|nan
ful_002644|Jeeɗiɗi laabi jeetati, tottat maa ko capanɗe joyi e jeegom.
ful_002648|nan
ful_002650|nan
ful_002660|nan
ful_002661|Gaynaako oo ina jogii ngaari mawndi, ndi nguru mum waɗi ko ranwni e ko ɓawli, endi darii, endi yeeɓa yeeso makko.
ful_002664|Cowpotal ngal goobu wiyolee nji’aten, tati pentagon ɗi goobu giri, ɗiɗi ɗii ina keedi dow, gooto oo ina heedi les e hakkunde ɗiɗi ɗii.
ful_002665|Feccere go’o so sowaama laabi teemedere, hawra e capanɗe joyi.
ful_002666|nan
ful_002667|Go’o ɓeydaa heen ɗiɗi, tottu maa tati.
ful_002679|nan
ful_002690|Suka gorko oo ko ko nati e kayee mum welo baɗɗo ponooje ɗiɗi.
ful_002693|Go’o ɓeydaa heen ɗiɗi, tottu maa tati.
ful_002694|Gaynaako oo ina jogii ngaari mawndi, ndi nguru mum waɗi ko ranwni e ko ɓawli, endi darii, endi yeeɓa yeeso makko.
ful_002698|E ngal natal, cukalel ngel ko ko yiɗi hollitde puɗal naange yaltoowe e duule ɗee.
ful_002703|Tatiwal ngal goobu haako, engal woni dow mbege mo goobu baka, ina takkondiri e maggal. Mbege mo haako gonɗo les tatiwal, ngal goobu haako takkondirngal e mbege oo.
ful_002711|Jeetaɓal tati, so a sowii ɗum laabi jeetati fota e tati.
ful_002714|Ñalawma hannde oo, asamaan oo ina waɗi duule, henndu nduu ina wifa doole haa tolnii e capanɗe jeetati e nder teemedere e waktu fof.
ful_002716|So a ƴettii sappo, a sowii ɗum laabi sappo, tottat maa ko teemedere.
ful_002729|Gaynaako oo ina jogii ngaari mawndi, ndi nguru mum waɗi ko ranwni e ko ɓawli, endi darii, endi yeeɓa yeeso makko.
ful_002731|nan
ful_002735|nan
ful_002738|nan
ful_002739|Joyaɓe ɗiɗi so sowaama e capanɗe jeetati, wona capanɗe jeetati e ɗiɗi.
ful_002743|nan
ful_002747|nan
ful_002756|So a ƴettii sappo e ɗiɗi, a sowii ɗum laabi nayi, ndañaa capanɗe nayi e nayi.
ful_002757|nan
ful_002762|nan
ful_002767|nan
ful_002768|Feccere go’o so sowaama laabi teemedere, hawra e capanɗe joyi.
ful_002771|nan
ful_002782|So nayaɓal go’oo sowaama laabi nayi wona joyi.
ful_002786|nan
ful_002788|nan
ful_002795|Cukalel gorel dogowel caggal fuku-bal ngam fettude ɗum.
ful_002796|nan
ful_002797|nan
ful_002802|nan
ful_002803|nan
ful_002812|nan
ful_002824|nan
ful_002828|nan
ful_002830|nan
ful_002832|Go’o ɓeydaa heen ɗiɗi, tottu maa tati.
ful_002835|nan
ful_002840|Janngoowo oo soodii defte jeegom, ɗe fawondiri ngam tarde, ngam heblude memuwaar, mo o winndata oo.
ful_002846|Ko nji’ataa e natal ngal koo, ko mbegeyel danewel, engel woni e nder mbegeyal goɗngal, ngal goobu roos, kural oolal kuccitngal bannge nano ngal, ina rewi e hakkunde mbegeeji ɗiɗi ɗii.
ful_002847|Gorko dañɗo duuɓi capanɗe tati, ombo ñaantii ha o yooɗi, ombo jooɗii e jooɗorgal, ombo fawondiri koyɗe, omo jogii kayitol surnaal, ombo tara ngam humpitaade kabaruuji jolɗi…
ful_002849|Ñaaki tati diwooji, ngootu nguu ardii, ɗiɗi ɗii ngoni caggal, eɗi ndiwa dow piindi, etee eɗi ƴeewra bannge gooto.
ful_002852|Yeru, e rogere nayaɓere: ɓiy taanam nayaɓo oo resii rewɓe nayo, ɓe nganndu-ɗaa, gooto heen fof jibinii sukaaɓe nayo.
ful_002854|nan
ful_002855|Hannde, to Tammbaakundaa, diiwaan keedɗo fuɗnaange leydi Senegaal, maa ñalawma oo wul no feewi sabu nguleeki kii maa toow haa tolnoo e degereeji capanɗe nayi e joyi.
ful_002863|nan
ful_002868|nan
ful_002875|Mboɗdi ndii nani taarii catal lekki, ina yaltini ɗemngal mum.
ful_002880|nan
ful_002883|Suka gorko oo ko ko nati e kayee mum welo baɗɗo ponooje ɗiɗi.
ful_002890|nan
ful_002891|Leggal, ngal goobu haako gittangal e lekki banana, etee engal wondi e koɓi mum ɗi goobu haako, bananuuji oolɗi ina pawaa kadi yeeso leggal ngal.
ful_002902|Go’o ɓeydaa heen ɗiɗi, tottu maa tati.
ful_002910|nan
ful_002912|Sagata gorko oo nehat rawaandu, ndu nji’-ɗen e natal ngal, endu fijira bal oo, etee ombo haɓɓani ndu ɓoggol e daande ndee.
ful_002915|E ngal natal, eɗen nji’a ɓiɗɗo gonɗo hakkunde baaba mum e neene mum, yummiraaɗo oo heedi mbo nano, baabiraaɗo heedi mbo ñaamo.
ful_002921|nan
ful_002923|nan
ful_002934|Kace der ladde.
ful_002937|Diwal Lagos woni ko ɓuri ko toye takki wurngo e nattinki Leydi Ibadan woni inare ko un fuɗɗi Talabiji nder Afrik, jaami'aare arandeere Najeriya, e suudu nyawndiigu janngirde arandeere nder Najeriya.
ful_002938|Benee ɓo mari mardaaje manga ha galluure Cotonou.
ful_002939|Nange e fuɗoya ta nder doulo.
ful_002943|Taamnde jaɓɓama ha yeeso tatiwal bana duule.
ful_002944|Taskaama ñalawma gulɗum seɗɗa.
ful_002947|Mi dantake yande altine.
ful_002948|Lewru Juldaadu: ɗo nder lewru mawdu haa duniyaaru fu.
ful_002949|3 sisters Rock ɗo ha Song Dimoore Adamawa.
ful_002950|Mi ɓorni toggoore ɓaleejum.
ful_002951|Juwi e ɗiɗi nde juwi e tati foti chappan e juwi e juwi e go`o.
ful_002952|Kungiyaru jangowobe julowobe MSS.
ful_002953|Pentagon tati e njeri.
ful_002954|Togo ɗo wadda mootaaji masin.
ful_002956|A waran nyalaade Alamiisa na?
ful_002957|Yaaɓande den mawnde.
ful_002959|Feccere gootel nder jowi je miliyo fotan bee ujineeje temerre ɗiɗi.
ful_002960|Nijer, Kamaru, Libya, Mali, Togo, Ghana, Ivory coast e Benin.
ful_002962|Koode daneejum ha dow tardi bana duule.
ful_002964|Mboodi taari lekki kin.
ful_002965|Abuuja-Laamorgo leydi Naajeeriya e tawaa e nde'e galluure.
ful_002966|Lewru Anngusta on nyeede ɓuri toɓugo nder diwal Adamawa.
ful_002967|O resi Karas boɗeejum ɗakki  tumaatir.
ful_002968|Buubi ɗo suula ɓikkon leɗɗe.
ful_002969|Yende Alarba daada am ɗo waɗa sadaka kossam.
ful_002971|Minne maudu wuro amin milahatake mi juhdo.
ful_002972|Sappo rimta bee sappo fotan bee temerre gotel.
ful_002974|Tchaadi on mari pellel ɓuri wulugo ha duuniyaaru sai ni Fombina maari ɗo feewi.
ful_002975|Joweetati sowa nde joweenayi woni cappanɗe joweeɗiɗi e ɗiɗi.
ful_002976|Nnage wurtayeke.
ful_002979|Yimbe e jula yande Eid.
ful_002981|Masihiyinki’en ɗo yaha haykaleeji nyalaande Alat.
ful_002982|Gold Coast on inde Ghaana hidde sannja warta Ghaana.
ful_002986|Nyiiri maaroori ɓuri welugo bee haako follere.
ful_002988|Diidi  ɓernde duule ha dow cilindir boɗeejum.
ful_002989|Atiku Abubakar on balloowo jagorɗo leydi Naajeeriya wakkati laamu Obasanjo.
ful_002991|Wuro Laamɗo nyibiraama mahdi laaɓndi nden ko fentiraama pente laaɓɗe.
ful_002992|Maayel peetel ha chaka kooseeje.
ful_002994|Ghana ɓuri Nigeriya areji budi kamma bo hamɓe ɓe gala diyam sarai.
ful_002998|Diwal Niger on ɓuri kala diwal fuu mawnugo babal ha Naajeeriya.
ful_003000|Baskur man ɓaleejum on.
ful_003006|Weedu Tchad: renndini be lesde hoɗdiiɓe,nafoore ndema e liɗɗi e.
ful_003008|Gorko kanko heɓi arano ɓaawo ɓe daɗootirii. _
ful_003009|Joweeɗiɗi sowa nde joweetati woni cappanɗe jowi e jowwgo'o.
ful_003010|Tuppawa goOta e fecco.
ful_003012|Almustpha Stadium e nguru enare da du wada ta taroji fu dun guru.
ful_003014|Woɓɓe nder juulɓe e ngaɗa Mawlud Nulaaɗo kala hitaande.
ful_003016|Nayi rimta jowi fotan be noogas.
ful_003018|Ardido laydi Najeriya Bola Tinubu hinni yimbe leydi eÑalngu Demokaraasi.
ful_003019|Ta a yehɓi nyanbe danje e nebam na'e hai ta a yejiti noffi mada.
ful_003020|Gerawa (ngoo anndiraa kadi Gerawa walla Fyandigeri) ko ɗemngal Afro-Asiatic haalanki nder lesdi Najeriya.
ful_003021|Ɗeraji janngirde wala janngowobe.
ful_003022|Feccere leemu e yeeso ɗiɗi leemu timmuɗo.
ful_003023|To a sendi tati bee juwi’e tati de juwi’e tati hokketee tati.
ful_003025|Agbokim waterfall inare den taa yehi a yo e diyam e joru buddin.
ful_003030|Muusa anndaano no janngirta binndi Enngiliisi.
ful_003032|Joni alasara dun jagol jiffake na non e nane.
ful_003033|Keenya mi nyaami nyiiri gawri bee haako follere.
ful_003035|Saffo juye gu'o dun hukke ma saffo tati.
ful_003036|jeego e jeeɗiɗi fotata ko sappo e tati.
ful_003037|Sewtaare hitaade hesre, sewtaare on.
ful_003038|Kode e nder kwalloji.
ful_003041|Hande wukakati dun bandu duniyaaru fu welah.
ful_003042|E dokaru du'u tagum e wudi dama wada kugal da yidi dama kuma dun hukku mu dama oh yaha nu o yidi dama.
ful_003043|Julɓe ɗo suuma nder lewru Ramaadana.
ful_003044|Jumɓaare woni juulde asaweere walla yontere.
ful_003045|Kosgal maako yewi o heɓe ɓe jokki, ɓe wi mo o tokka nyaamugo babbundi heɓa jokka law.
ful_003046|Ɓingel maako ɗiɗabel ɗo laaɓi bana maako.
ful_003048|Garba wala ɗon.
ful_003049|Mi ɗo sorra zobo.
ful_003050|Kano woni inare ko buri ko toye coggu e leydi ndii.
ful_003052|Maaroori Jollof jee Naaejeriya ɓuri jee Ghaana dakam.
ful_003053|Suleiman Ribadu andaado on haa diwal Adamawa.
ful_003054|Fe'ireewol gol ɗo  hawti bee Taarde.
ful_003055|Kala fajira fuu sai to Musa yari kossam.
ful_003059|Moodiɓɓe ɗuuɗɓe keɓii anndal lunngungal hiddee ɓe puɗɗa jannginki.
ful_003060|Hooseere juuti asama les duule ha nder ladde.
ful_003061|Fabarairu e wodi yalde 28 Der maru.
ful_003062|Maayo Amazon tokki Fombina Ameerika.
ful_003069|Waɗan cuɓ siyaasa Asawe warata ɗo.
ful_003071|Ɓikkon taton hoosi bindirɗe tati.
ful_003072|Baala ɗo nyaama geene, naange ɗo, legge manga do dari ha bawo Bala.
ful_003074|Millennium Park nokkuure sewtaare mawnde on woni kombi saare ardiiɗo Naajeeriya ha Abuja.
ful_003075|fecco nde te teemedere goo fotay e capanɗe jeewi.
ful_003077|Hande hendu yifaay fa'a woyla. Hendu doggay km10 e jamdi 1 bimbi.
ful_003078|E wodi alama hannde un hebay colaaje e hendu alarasa e dow degri celcius 27.
ful_003079|Saare Ardiiɗo Najeeriya oɗ caka Abuja ha Hooseere Aso Rock.
ful_003081|Nyiiri gawri maako koodei bee tasɓa o nyaamata.
ful_003083|Yande ko hitande kese dun jitade da warata fu bawa ko deye hitande.
ful_003084|Diwal Taraba on ɓuri demal ɓulunji ha leydi Naajeeriya no foti.
ful_003086|saffo e saffo dun hukkema tammere goo.
ful_003088|Yande go'o min meɗi yahgo Hadejia Baturiya riba konen don wukkati diyam minjari wahala aradu.
ful_003090|Bingel e fija e bal.
ful_003091|Nder lewru Afril fuu Masihiyinki’en ɗo waɗa lamar Paska.
ful_003092|Joweetati rimta Joweenay fotan bee capanɗe Joweeɗiɗi e ɗiɗi.
ful_003094|Bola Tinubu woni ardido leydi Najeeriya mo jooni.
ful_003095|KwallIo ji nue Ahmed Musa yamani Nageriya? Ahmed Musa waɗii golle 15 e nder fedde nde, hono Super Eagles.
ful_003096|Go'o pecce nayi sowa nde cappanɗe ɗiɗi woni jowi.
ful_003097|Saffo e go'u to dun hauti dun e tati dun hukkema saffo e nayi.
