pcm_000000|One-tenth of 1 million na 100 thousand.
pcm_000002|Lagos na one place wey people plenty like mad
pcm_000003|Clear sunny wednesday , na better weather to wash cloth keep for sun
pcm_000005|Three-quarter of 120 na 90.
pcm_000006|Twelve times four equal to forty eight
pcm_000007|Niger na country wey dey close for Northern Nigeria
pcm_000008|Na first micheal carry for the race yesterday
pcm_000009|Rain go fall this wednesday morning by 9am , so better carry your umbrella and drive small small.
pcm_000010|Ten times ten dey equal to hundred
pcm_000011|love sign and cylinde shape
pcm_000012|Cold night breeze this night time with 9 degrees celcius
pcm_000014|Two-fifth of 80 na 32.
pcm_000015|People wey dn be Naija presido na Olusegun Obasanjo,Umaru Musa Yar'Adua,Goodluck Jonathan, Buhari and Bola Tinubu
pcm_000018|Blue circle dey carry green triangle for head
pcm_000019|4 square stand for front of each other and 2 blue balls for the side
pcm_000021|Black and white cow
pcm_000022|February na month of Love.
pcm_000023|"Na which country get dia National day for May 20th?
Cameroon na country wey dia National day na May 20th"
pcm_000024|This na bridge and river dey under am.
pcm_000025|Two tomato and one carrot
pcm_000026|4 different color cups line up like say dem wan march
pcm_000027|3 yellow square inside circle
pcm_000028|one over ten times one million dey equal to hundred thousand
pcm_000029|This thursday na my sister wedding.
pcm_000031|Worm dn chop tomato come pass d middle dey play
pcm_000033|Time na 3am on wednesday weather go dey clear today at 12 degree celcius
pcm_000034|3 small brown square dey front of each other with 2 blue circle
pcm_000035|Abuja get jabi lake but na man make am no be natural
pcm_000036|One-third of 60 na 20.
pcm_000037|Buhari na fulani
pcm_000038|We dey enter club this friday?
pcm_000039|Weather go dey change anyhow today.
pcm_000040|Na wednesday 1am and small rain dey fall, weather dey cool at 12 degree Celsius
pcm_000041|sixty divide am with 2 e go equal thirty
pcm_000042|Half of hundred na fifty
pcm_000043|That film wey be Wednesday na sweet film.
pcm_000044|Abuja get zero river
pcm_000045|Na INEC dey run elections for Naija. You go call am like Eye-neck
pcm_000046|4 cups wey jane arrange together
pcm_000047|Yellow left sign wey pass fo middle of circle
pcm_000048|Half plus one-sixth go give two-thirds.
pcm_000049|Ronaldo score three goals yesterday. na my Idolo
pcm_000050|Eleven times one hundred dey equal to one thousand two hundred and ten
pcm_000051|The second son too stubborn
pcm_000052|Na Abuja naija presido dey stay for insde aso rock
pcm_000055|How far Friday? e travel ?
pcm_000057|Green area with pointed mountain
pcm_000058|worm wey put hole for tomato
pcm_000059|Two black triangle dey side by side of brown circle.
pcm_000060|E go be very calm weather this evening with cool breeze as sun dey set.
pcm_000061|Ten times ten na one hundred
pcm_000063|You go still show my side on saturday?
pcm_000064|This na fine flower with 3 colors blue, yellow and green
pcm_000066|Dem say di meeting go last forty-five minutes only, make we no waste time
pcm_000068|Paul arrange 6 books on top each other
pcm_000069|Blue circle for middle of
pcm_000070|I plan go that new church this sunday
pcm_000071|two over five times eighty dey equal to thirty two
pcm_000072|Blue circle dey stand with carry green triangle for head
pcm_000073|Moon dey for night sky
pcm_000074|Umaru Musa Yar'Adua na better presido wey Naija get before before.
pcm_000076|pink horse dey run and yellow sun dey him back
pcm_000077|Twelve times four na forty eight
pcm_000078|I no dey come work on next week Monday
pcm_000079|Three hexagon inside purple rectangle
pcm_000080|This one na 3 shapes inside rectangle
pcm_000081|Person sit down for chair dey read paper
pcm_000082|Na like 8 groups of nurses dem employ
pcm_000083|3 bees wey wan play with 3 flower
pcm_000084|Eleven plus three na fourteen
pcm_000085|Teachers day na day to celebrate all teacher because teachers dey very important for our society.
pcm_000086|circle and half triangle wey join for middle
pcm_000087|first one na black triangle second na brown circle and another black triangle
pcm_000088|Maiduguri na one of d hottest place for naija
pcm_000089|Me and Idara no dey too talk like that sha
pcm_000090|sixty divide am by two na thirty
pcm_000091|Na thunderstorm go full sky today as weather no too good.
pcm_000092|"E get one rock wey dey for 100 naira note?

Na zuma rock dey for naija 100 naira"
pcm_000093|Idara na person wey no like wahala at all
pcm_000094|Ball dey inside net
pcm_000095|black dog dey pursue ball wey get colors
pcm_000096|Breeze go blow well well today.
pcm_000099|Ekong na person wey dey very gentle
pcm_000100|Cow dey chop grass for field wey get tree.
pcm_000102|umbrella wey get different colors like red, green, white and blue
pcm_000103|She get 50 books for her shelf, but she still dey find one specific book she need for her 50th birthday
pcm_000104|six plus seven na thirteen
pcm_000106|Jollof rice na food wey dey everywhere for naija
pcm_000107|mountain dey side by side with lake for e middle
pcm_000109|Eid al-Adha this one na celebration for all muslims worldwide.
pcm_000110|one over two plus one over six equal two over three
pcm_000111|Benin na country wey fine well well
pcm_000113|four times 5 na twenty
pcm_000114|Today gpo be another wet day as rain go fall wella
pcm_000115|Circle dey for front of triangle
pcm_000117|Be like Pink na your favourite color ba?
pcm_000118|Fried rice dey go well with salad
pcm_000120|snake wey dey roll for tree branch
pcm_000121|one plus two na three
pcm_000122|This one na umbrella with plenty colors like red,purple white,and green
pcm_000123|Wetin be the color of the day? shey na red?
pcm_000125|Yam and egg just be like twins for naija
pcm_000126|Lions no dey the top five fastest animals
pcm_000128|3 banana and him tree
pcm_000129|Half of hundred na fifty
pcm_000130|You go dn pass like two tall mountains before you turn left
pcm_000132|Na white you plan wear come that wedding?
pcm_000133|Pounded yam dey go well with almost all soup for naija
pcm_000135|volcano for green area
pcm_000136|4 green small ball inside box
pcm_000137|white star inside circle
pcm_000140|cool breeze and cool weather this evening
pcm_000141|September 7th na my birthday
pcm_000142|Hundred times one over four dey equal to twenty five
pcm_000146|mama , pikin and papa wey dey hold each other
pcm_000147|Ghana na country wey dey like brother to Nigeria
pcm_000148|seven times eight equal to fifty six
pcm_000149|Cheetah go carry first for race
pcm_000150|Rain go fall this morning but sun go still shine later in the day
pcm_000151|this one be like purple donut wey one left direction go across e body
pcm_000152|Be like shadow of person wey dey play football
pcm_000153|I plan go village this December for christmas
pcm_000154|This one be like sunrise
pcm_000157|small flower pot for window
pcm_000158|ball enter for net. this one na goal ball for football
pcm_000159|Jupiter na second largest planet
pcm_000160|Breeeze go carry person today as breeze go dey blow anyhow
pcm_000162|Banana and e tree.
pcm_000163|orange wey dey sliced
pcm_000164|Thunder go dey sky and breeeze go dey blow anyhow today
pcm_000165|Eleven plus three equal fourteen
pcm_000166|Na so so rain go fall, sun no go show face at all.
pcm_000167|Eid al-Fitr this holiday na for our muslim brothers and sisters
pcm_000168|one over three times sixty na twenty
pcm_000170|This one be like orange table wey dey carry grey love
pcm_000171|Different shapes dey for this picture , i dey see rectangle, square
pcm_000172|Different colors and shapes wey join together
pcm_000173|River benue na the 3rd largest river for west africa
pcm_000174|Nassarawa state dey close to abuja and e get him own university
pcm_000175|Na sun go dey sky through out today as weather go reach 37 degrees
pcm_000177|For naija we get correct people wey dey for sports like Jayjay okocha, Kanu, Isreal Adesanya, and Kamaru Usman
pcm_000178|Workers day na day wey all workers go relax no go work.
pcm_000179|yellow sunset with white cloud
pcm_000180|Nsikak na correct guy
pcm_000181|weather dey very cold, na snow go fall as weather go reach -5 degrees
pcm_000183|Childrens day for naija na dey always make small small pikin to dey happy
pcm_000184|six plus seven e go equal to thirteen
pcm_000185|black and white cow
pcm_000186|Na Mbappe score the 2nd goal
pcm_000187|Federal government declare June 12 as democracy day.
pcm_000188|Snake dey climb branch of tree
pcm_000189|Abuja na better place with correct people
pcm_000190|Aso Rock na massive rock wey dey look di presidential villa for Abuja.
pcm_000191|carrot and 2 tomatoes
pcm_000192|Na steven carry 2nd for the marathon
pcm_000193|Weather go hot today and no hope of rain at all
pcm_000195|Naija independence day land on the 1st of October
pcm_000196|one over four times twenty na five
pcm_000198|E go hot wella today with up to 38 degrees celcius
pcm_000199|If you enter calabar, you go think say na London
pcm_000200|Na four five I take buy that trouser for market yesterday.
pcm_000201|Black shadow wey dey play ball
pcm_000202|Goodluck Jonathan comot from Bayelsa state
pcm_000203|4 yellow box wey dey inside circle
pcm_000204|Him second son dn marry
pcm_000205|Sun go dn show face from as early 7am today reach 5pm.
pcm_000208|New year day na the first day of the year and na day of celebration.
pcm_000209|Amala na food you go see for south west Nigeria
pcm_000210|One plus two go equal to 3
pcm_000211|River Benue get brother wey dem dey jam for lokoja
pcm_000212|colorful flower wey get yellow, purple and green
pcm_000213|Three-eighth times 8 na 3.
pcm_000216|Yankari Game Reserve for Bauchi State na di best place to see wild animals like elephants, baboons, and lions for Nigeria.
pcm_000217|3 yellow fly dey disturb 3 green flowerrrr
pcm_000218|Mama , papa and pikin
pcm_000220|Egusi na one soup wey almost all Nigerians dey chop
pcm_000222|drawing of bicycle
pcm_000223|River Niger sef get sister wey dem dey jam for lokoja
pcm_000224|moon for night sky
pcm_000226|"Na which former Naija Presido come from Bayelsa state?
Goodluck Jonathan na the presido wey come from bayelsa state"
pcm_000228|Tuwon shinkafa dey very popular for the North
pcm_000229|black and white kettle with design for the top
pcm_000230|four times 5 na twenty
pcm_000231|Eleven times one hundred ten dey equal to one thousand two hundred and ten
pcm_000232|Valley wey get water for middle
pcm_000233|Weather dey heavy as rain go fall this morning, e go later clear as sun go show face that kind 4pm today.
pcm_000234|Bola Tinubu na former lagos state Governor
pcm_000235|The prediction for today na say weather go dey like 10 degrees
pcm_000237|Rice and beans na another super combo for naija
pcm_000238|white star inside blue circle
pcm_000240|Green grass, green trees and fine blue sky for afternoon
pcm_000241|This people dey owe like 5 months salary
pcm_000243|two orange and one wey dem dn cut open
pcm_000244|person dey read newspaper
pcm_000245|Quarter of 100 na 25.
pcm_000247|Okpa na food wey wan be like moi moi but e dey different
pcm_000248|flower for pot by window
pcm_000249|Ade arrange 6 books on top each other
pcm_000250|Black dog dey play with ball wey get multiple colors
pcm_000252|bridge wey river dey pass under
pcm_000259|Lagos na di biggest city for Naija and e dey by di Atlantic Ocean
pcm_000271|Victoria Island na posh neighborhood for Lagos with plenty hotels and businesses.
pcm_000273|Olusegun Obasanjo serve Nigeria both as military head of state and later e serve as civilian president.
pcm_000283|"Wetin make Olumo Rock special for Yoruba people?

For history, people use Olumo Rock hide during war time, and e still stand as symbol of strength and protection for the Egba people."
pcm_000284|Nnamdi Azikiwe, the first President of Nigeria, na one of di founding fathers of the nation.
pcm_000285|River Niger and River Benue dey meet for Lokoja, and na di biggest river junction for Naija.
pcm_000288|NDA na him be Nigeria defence academy
pcm_000308|Saturday na just chilling day
pcm_000311|Thursday na my last day for that place
pcm_000316|My exam na this July
pcm_000318|John wedding na this sunday
pcm_000319|Why you no wear the black tie?
pcm_000321|Monday na day wey i no too like
pcm_000323|This May na my mama birthday
pcm_000324|I go show your side this wednesday
pcm_000333|By december i go dn get new job
pcm_000334|i dey go Uk this monday
pcm_000335|Who get this black shoe?
pcm_000337|Jane no dey come work on Tuesday
pcm_000350|Star wey Dey inside blue circle
pcm_000351|See as one purple circu, wey enter the bodi or Traiangu wey color gray
pcm_000352|Three shape wey be like Diamond wey Dey inside one purple square
pcm_000353|Cylinder wey be yellow, Dey carry love ontop am.
pcm_000354|Musa score goal, put de ball for net
pcm_000355|One yellow arrow wey cross the middle of pink circle
pcm_000356|Tomato Jos and carrot
pcm_000357|One circle wey Dey the middle of 2 yellow diamond
pcm_000359|This na painting of morning sun, be like sun wey just Dey wake
pcm_000360|Snake wey Dey on dry wood
pcm_000361|Three green circle wey Dey inside one box wey the color near blue
pcm_000362|One full Apple and another one wey Musa chop remain
pcm_000363|Na so one brown circle balance inside the middle of 2 black traiangu
pcm_000364|Bicycle wey black
pcm_000365|Two full orange and one wey Dey half
pcm_000366|Mama, papa and pikin wey Dey their middle
pcm_000367|Full moon wey Dey shine ontop water
pcm_000368|Big cow wey get black and white color
pcm_000369|Margot wey don chop apple
pcm_000371|Flower out wey Dey window side
pcm_000373|Small cup wey Dem dey use put hot water for tea
pcm_000374|Blue circle wey Dey carry triangle for Im head
pcm_000375|Three yellow box wey Dey ontop themselves, Dey near two blue circles
pcm_000376|Tomike wey Dey play ball
pcm_000378|Umbrella wey be like coat of many colors
pcm_000380|This one na valley with green trees and small mountain for back
pcm_000381|Black dog wey Dey play ball wey get different colors for the body
pcm_000382|Three bees wey the follow three flowers wey Dey shine
pcm_000383|Mountain wey green grass gather
pcm_000384|Ring circles wey get hold for middle, get three square we Dey ontop each other.
pcm_000386|Different shapes and colors wey gather ontop them self
pcm_000388|Na place wey water gather for middle with mountain and blue sky around am
pcm_000389|Books wey Ese arrange to carry go give Onome
pcm_000390|Today weather go hot. E go hot reach 92 degrees.no hope say rain go fall
pcm_000394|Horse wey fine well well con get white hair, Dey front of sun
pcm_000395|7*8 na 56
pcm_000397|Wether go hot today oh! Temperature go reach 99 degree Celsius.
pcm_000398|Today weather go cooleh. E go be like 23 degrees. Rain sef fit fall for night
pcm_000400|Cups wey Dey each other back, wey Musa wan take drink tea
pcm_000401|11+3 na 14
pcm_000402|4*5 na 20
pcm_000403|2/5*80 na 32
pcm_000406|12*4 na 48
pcm_000407|Wen you do 10 times 10 na 100
pcm_000409|Person wey get birthday for December ma jesus pikin
pcm_000412|60/2 na 30
pcm_000414|1/10*1,000000 na 100000
pcm_000415|2/4*120 na 90
pcm_000416|1000000*1/5 na 200,000
pcm_000417|Na Mount Kilimanjaro tall pass for the whole world
pcm_000418|6+7 na tatin
pcm_000421|1/2*100 na 50
pcm_000422|1/4*20 na 5
pcm_000424|1/2+1/6 na 2/3
pcm_000426|1/3*60 na 20
pcm_000428|1/5*(20+30+40) na 18
pcm_000430|Star girl carry 1st as dem Dey run relay
pcm_000431|11*110 na 1,210
pcm_000432|Na for planet earth all of us Dey. But some people wan go mars go see if person fit live there too.
pcm_000433|Na cheetah sabi run fast pass plenti animals for we forest
pcm_000436|3/8*8 na 3
pcm_000438|I see 20 missed calls for my phone. Only to see say na one person call me 20 times
pcm_000439|Osas na di number one pickin for her family. She talk fine.
pcm_000440|Nnamdi get spare part shop for Onitsha main market
pcm_000442|River Naija and River Benue, na for lokoja dem meet.
pcm_000443|I take 2 Cook beans wey pikin go chop in 2 minutes
pcm_000444|Di nurse dem reach 10 for line. But only number 1&2 get sense.
pcm_000446|Na soso big big office and people wey hold bar full Victoria island
pcm_000447|Olatayo and Arike wan marry this Saturday
pcm_000448|If you wan enter boat just chill relax for Abuja, Na jabi lake you go go be that.
pcm_000451|Ese call me 20 times ontop Okada waka wey no reach 20 minutes
pcm_000452|Tinubu square wey Dey Lagos na better place wey get plenti history
pcm_000453|Wuse market for Abuja na one of the biggest market wey person fit buy everything
pcm_000455|One of the rock wey don tey na the olumo rock for Abeokuta
pcm_000456|Ahmed na better big man for singer market kano
pcm_000458|Abuja National Mosque na one of the fine building wey Dey enter person eye when e just Dey come Abuja.
pcm_000462|Benin, Niger, ivory coast,Cameroon,Chad.
pcm_000467|One rock wey people Dey like climb to see the city of Abeokuta na di Olumo rock.
pcm_000468|If you Dey find place for ground wey Dey comot hot water wey fit turn garri, na ikogosi warm spring you go go.
pcm_000469|Muhammadu Buhari, follow rule Nigeria as Solider, come back form rule as civilian for 2015
pcm_000470|After Umaru Musa Yar’Adua Die, na Goodluck Ebele Jonathan come become president
pcm_000476|Abuja na the capital of Nigeria. Na here all them government pipo dey
pcm_000479|Niger, e be like naija but na Nee-zher e be
pcm_000480|Shibeshi na small mountain wey farmers Dey use for Adamawa state
pcm_000481|River Niger na the longes river of our country. E Dey pass plenty states before e enter the Atlantic ocean
pcm_000482|Ogun River na river wey Dey waka from Ogun reach Lagos. Farmers and fishers Dey use am well well.
pcm_000483|Efo riro na better soup wey dem Dey take serve food for Yoruba land
pcm_000484|Suya na one meat wey dem use fire and Yaji pepper cook, na Wetin oyibo Dey call grilled meat.
pcm_000486|Moi moi na on better food wey Dey chop, na beans dem Dey use cook am. Oyibo Dey call am Beans pudding
pcm_000487|Ekpang nkuwkwo na food wey Calabar and Akwa ibom people Dey chop
pcm_000488|"Which political party Good luck take win another election?

Na PDP, people’s Democratic Party wey goodluck take win the election"
pcm_000491|Na Bauchi masa Dey sweet pass for Nigeria
pcm_000492|Obudu cattle ranch na one fine place wey Dey ontop mountain for Cross river state.
pcm_000493|The way Ofada rice Dey smell, you go think say e no sweet.
pcm_000494|Bola Ahmed Tinubu na im be president today. After he rule Lagos state.
pcm_000500|The Jo’s plateau no too high, but na small mountain wey Dey bring cold weather and tin mining to plateau state.
pcm_000501|INEC: Independent electoral commission, na dem Dey make sure say election hold, dem Dey do election, come announce di result.
pcm_000502|EFCC: The economic and financial crime commission Dey fight corruption for we country.
pcm_000503|Good Friday na the day wey Catholics dem nor Dey chop meat because na the day Jesus die
pcm_000504|Ramadan na that time wey Muslims Dey do plenty fasting
pcm_000507|Every December, we Dey chop Christmas for village
pcm_000509|This new year, na inside church everybody Dey.
pcm_000510|This Easter, country hard for everybody, no be everybody enjoy like that.
pcm_000512|Nosa wan go Osas house next Tuesday
pcm_000514|Ram wey dem kill this Eid-el-Kabir plenti well well
pcm_000515|Ash Wednesday na the day wey Catholics Dey remember say na from sand sand dem come
pcm_000517|June 12 na the new democracy day for Nigeria. Na the day wey Abiola take win election
pcm_000518|"Na Wetin dem Dey carry chop jollof rice?
If you an chop jollof rice enjoy an, na to chop am with plantain or Asun."
pcm_000521|Emeka been travel go china since March
pcm_000522|NCDC: Nigerian center for disease control Dey handle all mutchi muchi sickness comot of Nigeria
pcm_000525|"Which people for Nigeria Dey chop Efo riro pass?
Na the Yoruba people Dey chop Efo riro pass."
pcm_000526|Na today be Monday?
pcm_000530|October 1st na Nigeria Independence Day, children Dey like go March for stadium.
pcm_000532|Every Friday na Nyanya fruit market day
pcm_000534|No be January dem born Nosa?
pcm_000536|If you wan see plenty animals like baboons and elephants, you go go Yankari game reserve
pcm_000538|Why your face black so?
pcm_000540|Valentine day for Febuary be like woman birthday
pcm_000542|To go church on Sunday na must for my house
pcm_000543|You go wear you yellow short?
pcm_000544|You go wear red shoe ba?
pcm_000552|Early momo on Saturday, we go jog enter street
pcm_000554|Two tomato with one carrot
pcm_000555|Yellow arrow ontop pink circle
pcm_000556|Green triangle ontop blue circle
pcm_000559|Black and white jug wey my mama dey use serve breakfast
pcm_000560|I see Cow dey chop green grass close to one tree and yellow sun dey shine
pcm_000561|Three yellow square inside one purple circle
pcm_000562|White star for di center of blue circle
pcm_000563|Foto of black an white cow dey stand
pcm_000564|Three yellow square besides two blue circle
pcm_000565|Better foto of green and blue mountains and blue wata inside Dam
pcm_000566|I dey see two black triangles put one brown circle for middle
pcm_000567|Four green bolls for inside one blue box
pcm_000570|BLack and white footboll don enta inside net
pcm_000572|Black foto of pesin wey dey play footboll
pcm_000573|I dey see three ash polygon for di center of one purple rectangle
pcm_000574|For di weather forecast, Today go cold well well
pcm_000575|For di weather forecast, Today di weather no go make sense.
pcm_000576|Yellow sun and blue clouds inside rectangle
pcm_000577|Black foto of bicycle
pcm_000578|For di weather forecast Today, beeze go blow
pcm_000579|I dey see one maggot wey don burst inside one red tomato
pcm_000580|Six box on top each other with plenty fine fine colours
pcm_000581|Black foto of Dog dey follow boll for ground
pcm_000582|I dey see foto of mama and papa dey hold dia pikin hand wey dey di middle
pcm_000583|Small small blocks of pikin play play komkom wey get yellow, red, green and blue colos.
pcm_000584|Sreen banana tree and yellow bananas
pcm_000585|Snake don gum body with branch of dry tree
pcm_000587|Dis na weather forecast for evening.
pcm_000588|For di weather forecast, Today go hot well well.
pcm_000590|I dey see foto of one pink horse wey get white tail dey tear race in front of one yellow sun
pcm_000591|For di weather forecast, Today go dey cool
pcm_000593|sixty divide by two na 30
pcm_000595|For di weather forecast, Today go dey warm
pcm_000596|For di weather forecast, Today rain go fall
pcm_000597|ten times ten na one hundred
pcm_000598|Three yellow bees with blue wings dey eye three flowers wey get green and yellow colos
pcm_000600|one plus to na three
pcm_000602|one fourt of twenty na five
pcm_000603|Flawa wey get purple, yello an green color
pcm_000605|seven times eight na fifty six
pcm_000606|one half on one hundred na fify
pcm_000607|I dey eye one and di half green apples
pcm_000608|one over ten time one million na one hundred thousand
pcm_000609|two over five times eighty na thirty two
pcm_000610|eleven times one hundred and ten na one thousand two hundred and ten
pcm_000611|three over eight times eight na three
pcm_000612|na for April you go marry abi na October?
pcm_000615|one hundred times one over four na twenty five
pcm_000617|di kin goals wey mbappe score no be small o
pcm_000618|oyibo people too like careless waka
pcm_000620|seventy five fish inside one pot
pcm_000622|tall mountains dey Jos plenty
pcm_000624|one over two plus one over six na two over three
pcm_000625|See plenti nurses dey snap foto
pcm_000627|one millon time one over five na two hundred thousand
pcm_000634|Di planet wey carry human beings na Earth and na Pluto come dey very far
pcm_000635|di family of mr. ogidan like to dey waka for night
pcm_000637|Yakari game reserve dey for Bauchi state, na better recreational site e be.
pcm_000638|Moshood Abiola Stadium na di biggest stadium for Abuja.
pcm_000639|Eight people dey chop fufu
pcm_000640|TOrtiose na very slow animal but if you see Cheeta dey run, your mind go dey.
pcm_000641|one fift of open bracket tenty plus thirty plus fouty close bracket na eighteen
pcm_000642|River Niger na one of the biggest river for Nigeria, di river dey connected to kianji dam.
pcm_000645|Ngozi and Blessing dey run their food joint together, and dem soup dey always make sense.
pcm_000646|Emeka borrow laptop from Chinedu so e fit do him assignment on time.
pcm_000648|My uncle dey plan road trip go Benin Republic, say him wan chop original jollof rice and learn small voodoo secrets.
pcm_000652|Benin na beta historic place or obodo nigeria, dem sabi am well well coz e get plenty cultural heritage and ancient city walls.
pcm_000654|Olusegun Obasanjo na di only person wey don rule Nigeria as military head of state and later come back as elected civilian president.
pcm_000657|Tunde help Fatima fix her generator when light no gree come.
pcm_000658|Lagos na di biggest city for nigeria, e get over 21 million people wey dey stay for lagos.o
pcm_000659|em say for Chad, one small town dey wey people fit play drum till sunrise without wahala.
pcm_000660|For Cameroon, dem suya dey hot pass fire — one bite go make you confess your village secrets.
pcm_000661|I follow my papa go Niger, and na there I first see desert wey fine like beach but no water.
pcm_000662|Yam porridge dey sweet with dry fish.
pcm_000663|Jos na City for Central part of nigeria, people sabi am well well coz e dey beautiful and the weather dey very nice.
pcm_000664|"How long Buhari stay for power as civilian president?
Buhari serve two full terms for office as civilian president — from May 29, 2015, till May 29, 2023, before e hand over to Tinubu."
pcm_000667|"Yakubu Gowon be Nigeria head of state during di civil war, and na under im wey Nigeria talk ""No victor, no vanquished"" after di war end."
pcm_000672|Amala with gbegiri dey fill belle fast.
pcm_000673|Fura da nono dey cool body for under hot sun.
pcm_000678|River Benue na big river wey enter nigeria from cameroon, E dey support dry season farming and fishing for di villagers wey dey live close to am.
pcm_000679|If you never dance azonto for Ghana street party, you never sabi wetin be real groove.
pcm_000680|"Wetin be the name of the country wey get Lusaka as capital?
The capital of Zambia na Lusaka, and e dey for southern part of the country."
pcm_000681|Moi moi for leaf dey sweet pass nylon own
pcm_000686|Goodluck Jonathan na di first Nigerian president wey concede election peacefully in 2015, and people praise am for that peaceful move.
pcm_000688|Suya from Gwarimpa dey pepper well well.
pcm_000693|Jollof rice with goat meat na party food.
pcm_000695|Lake Chad na once big water body wey dey serve Nigeria and other countries, but e don dey dry small small because of climate wahala.
pcm_000697|Kano city na one of di mist historic state for Naija, dem sabi Kano well well base on the walls wey dem build around am tey tey.
pcm_000700|INEC (Independent National Electoral Commission) na the body wey dey organize elections for Nigeria.
pcm_000701|"Zuma Rock dey for Abuja outskirts, and people dey call am ""the gateway to Abuja"" because of how e stand tall like giant."
pcm_000704|"Who be Nigeria president now now for 2025?
Bola Ahmed Tinubu na di current president of Nigeria as of 2025. E enter office for May 29, 2023, after e win di 2023 general election."
pcm_000705|Easter Sunday na the day Christians dey celebrate say Jesus rise from death.
pcm_000708|Obudu Mountain Resort dey for Cross River State, and na one of di finest tourist spot for Nigeria with cold breeze like abroad.
pcm_000710|Olumo Rock for Abeokuta na strong cultural landmark wey Yoruba people use hide during war time.
pcm_000711|NYSC stand for National Youth Service Corps, and every Nigerian graduate dey serve one year under am.
pcm_000712|Yankari National Park for Bauchi State na home to animals like elephants and baboons, and people dey go there for safari vibes.
pcm_000713|Masa with pepper soup dey soft for mouth.
pcm_000716|Egungun Festival dey bring masquerades come out for street to dance and bless the land.
pcm_000718|For Christmas Day, families dey cook jollof rice, fry chicken and share gifts with joy.
pcm_000719|August dey carry holiday vibes and sometimes people dey do August meeting for village.
pcm_000721|NLC, wey be Nigeria Labour Congress, dey fight for workers’ rights and better salary for government jobs.
pcm_000723|For Democracy Day, government go usually do speech and people dey remember how we start democratic rule.
pcm_000724|New Year’s Day na time wey people dey pray, celebrate and make new plans for the year.
pcm_000726|NCDC (Nigeria Centre for Disease Control) na the health agency wey help fight COVID-19 and other serious diseases.
pcm_000730|By Wednesday, body don dey tire small but we still dey push dey go front.
pcm_000732|Zuma Rock, Olumo Rock, Erin Ijesha Waterfall, Idanre Hills, Obudu Mountain Resort, and Yankari National Park
pcm_000733|Monday na that day wey everybody dey hustle early, even bus driver no dey smile.
pcm_000734|Lagos na di biggest city for Nigeria, and e dey bubble 24/7 with hustle, music, and nightlife.
pcm_000736|EFCC na Economic and Financial Crimes Commission — dem dey chase people wey dey do yahoo or chop government money.
pcm_000738|Thursday dey feel like Friday, but when you check calendar, e go pain you say weekend never reach.
pcm_000739|Independence Day na October 1st, and people dey always rock green-white-green to show love for Nigeria.
pcm_000742|Sunday na rest day; people dey wear fine cloth go church, then chop rice and sleep like king.
pcm_000743|Tuesday dey slow small, but work still full ground like say na Monday part two.
pcm_000744|Red cloth wey she wear yesterday shine like fire — everybody for party dey look her.
pcm_000746|As Friday land, joy go enter body — people dey plan flex, even office dey soft.
pcm_000748|December na cruise month — rice go done everywhere, music go loud, and people go dey go village.
pcm_000749|The boy paint him room blue because e say the colour dey cool him brain.
pcm_000752|I buy one fine yellow shoe wey dey match my native for Saturday owambe.
pcm_000754|Sango Festival dey happen every year to commot cap the god of thunder for Yoruba land.
pcm_000758|Eid al-Fitr dey mark the end of Ramadan, and Muslims dey wear fine clothes go mosque that day.
pcm_000759|For Saturday, everywhere dey busy — some dey wash, others dey cook, while party people dey prepare their native.
pcm_000760|Jude draw picture wey dey show when sun dey come out in the morning.
pcm_000761|Four small small green balls dey inside one light blue box.
pcm_000762|Snake wey get brown color dey on top brown tree.
pcm_000763|One blue rock dey for back of green garden.
pcm_000764|Eno don play ball wey get black and white color enter football net.
pcm_000765|Ifeanyi dey outside dey play ball.The ball wey dey black na the one wey ifeanyi like pass.
pcm_000766|Cow wey get black and white color for the body dey stand for road.
pcm_000767|One heart dey on top one yellow cylinder. I buy yellow cylinder wey dem draw heart on top am for my mama .
pcm_000770|One purple circle dey in front of gray triangle.One gray triangle dey for back of one purple circle.
pcm_000773|One full apple and half apple dey table. The apple wey dem cut half dey Infront of the full apple.
pcm_000774|Police people keep road sign wey the color na pink for road to show people the road them suppose follow.
pcm_000775|Brown square wey dey follow each other for back dey beside two blue circle.
pcm_000776|E get one yellow banana wey dey ground Infront of the banana tree.
pcm_000777|Three gray pentagon dey inside purple rectangle box.
pcm_000779|Plenty breeze go blow wey go make people Sidon for house.
pcm_000780|Seven wey you count right times na fifty six
pcm_000781|The weather today go cold reach 20°C.
pcm_000782|Osita draw pink horse wey dey run in front of one yellow circle. Yellow circle dey for back of pink horse wey get white tail wey dey run.
pcm_000783|One carrot and two tomatoes dey for kitchen wey Eno wan use cook.
pcm_000784|Early momo papa dey always come out in front of house with him newspaper dey read. Emeka papa sit down in front of house dey read newspaper.
pcm_000785|This picture dey show garden wey fine. The photographer snap garden wey you go dey see sky for inside .
pcm_000786|Osita dey like use that kettle wey get white and black to boil water.
pcm_000787|For this night temperature go reach 14°C.
pcm_000788|The black bicycle dey for backyard. Anytime Jude wan go work him dey like carry the black bicycle.
pcm_000790|Two full oranges and one half orange dey table. The half orange dey in front of the two full oranges.
pcm_000794|Today the weather no go hot.
pcm_000795|Sixty wey you share into two na thirty.
pcm_000797|Eight wey you count nine times na seventy two
pcm_000798|Twenty wey Dem divide four times na five.
pcm_000799|Twenty wey Dem add thirty add fourty come divide am five times na eighteen.
pcm_000800|Quarter of sixty na twenty.
pcm_000802|Rain go fall from in the morning reach night.
pcm_000803|Sun wey go shine today go hot well well for 40°C.
pcm_000804|One flower dey for window wey dem open. The flower dey on top the window wey the curton dey open
pcm_000805|Six wey you add seven na thirteen
pcm_000806|Sun no go too hot and cold no go too dey. Weather go dey calm.
pcm_000807|Three yellow square wey dey follow each other for back dey in the middle of one dark red circle.
pcm_000808|Half of hundred na fifty.
pcm_000809|One ball wey get red,gray and blue color dey Infront of one dog. One black dog dey try hold ball wey get different colors.
pcm_000810|Eleven wey you count one hundred and ten times na one thousand two hundred and ten.
pcm_000814|Three wey dey count right times come divide am with eight na three.
pcm_000816|One million wey Dem count one time come divide am five times na two hundred thousand.
pcm_000817|Ten wey you count ten times na hundred.
pcm_000818|Tomorrow evening temperature go dey 18°C.
pcm_000819|Eno be the first child and daughter for her family.
pcm_000820|One hundred and twenty wey Dem divide four times come count am three times na nighty.
pcm_000824|Hundred wey Dem count one time come divide am four times na twenty five.
pcm_000826|Na this long river Dem dey follow if Dem wan travel go that village.
pcm_000827|Weather today go dey climb up dey come down. E go dey yagayaga.
pcm_000828|Lion na one of the fastest animal.
pcm_000830|One million wey Dem divide ten times come count am one time na hundred thousand.
pcm_000831|Ahmed na em score plenty goal for the football match.
pcm_000832|January na the first month for the beginning of the year.
pcm_000834|Na that tall nurse give me injection.
pcm_000835|5.She read the story five times even though na 5 different stories dey the book.
pcm_000838|I been read am for internet say different planets dey our solar system.
pcm_000843|That mountain tall pass the other ones wey we don see
pcm_000846|"Benue state for Nigeria na the ""food basket of the Nation"""
pcm_000847|Mount Patti na hill wey dey Kogi state
pcm_000849|100. Them package hundred gifts because na 100 people Dem invite.
pcm_000850|80. Eighty wey Dem add zero na 80. Eighty wey Dem count one time na still 80.
pcm_000851|There hills dey for Jos
pcm_000852|The Ogiamen House follow building wey dey popular for Benin city
pcm_000856|Aliko Dangote follow for one of the richest men for the world
pcm_000857|Isuikwuato hills dey for Abia state
pcm_000858|Ghana get like 100 ethnic groups wey get their own language.
pcm_000859|Badagry follow for places wey you go see plenty beaches for Lagos
pcm_000860|Aso Rock Villa na Nigerian presidential complex wey dey Abuja.
pcm_000866|Cameroon get ethnic groups wey reach 200 ethnic groups wey get different languages and tradion.
pcm_000871|Gidan makama museum na museum wey dey for Kano wey dey show the culture of Kano.
pcm_000872|Woman wey get belle dey like pepper soup
pcm_000874|I like to eat Akara with bread
pcm_000875|Goodluck Ebele Jonathan serve as president for May 29,2010
pcm_000876|Tuwo Shinkafa na Hausa tribe food
pcm_000878|Jollof Rice na food wey Dem dey cook for party for Nigeria
pcm_000883|Chad dey for central Africa. Dem get over 200 ethnic groups wey get their own language and traditons. Na here you go see Sahara desert.
pcm_000887|Muhammad Buhari been rule Nigeria military from December 1983 reach August 1985.
pcm_000888|The mapo hall dey Ibadan.
pcm_000889|Emeka no dey chop Beans but like moi moi well well
pcm_000893|Egwusi soup na popular soup for Igbo tribe for Nigeria
pcm_000894|Porthcourt na the city you go find wey you see petroleum industries like shell and Chevron
pcm_000897|Father's day na every May
pcm_000898|Abacha na another food wey sweet if you use fish chop am
pcm_000899|Fish market na every Friday
pcm_000901|Jos na where tin mining start. E don contribute for the development of the state.
pcm_000902|Workers day na every 1st May
pcm_000904|October 1st na independence day for Nigeria.
pcm_000905|Central Bank of Nigeria (CBN) na organization wey dey incharge of anything wey concern money like new currency.
pcm_000908|June 12 na democracy day for Nigeria
pcm_000909|E no get tribe wey no dey chop Yam
pcm_000913|Easter na the time wey christians dey celebrate say Jesus die for cross.
pcm_000916|Abuja na the capital city of Nigeria. Plenty government institutions, ministries and agencies dey there.
pcm_000919|School dey start on Monday next week
pcm_000921|Christmas na when christians dey celebrate the birth of Jesus Christ.
pcm_000923|(1) Why Dem dey always wear black when person die?
pcm_000927|Economic and financial crimes commission (EFCC) na organization wey dey shook eyes for money laundering and corruption matter for Nigeria
pcm_000928|New year day na every 1st of January wey na new year we dey enter
pcm_000930|Children's day na every 27 May
pcm_000931|Them say make she come for interview on Tuesday.
pcm_000936|(1)Why girls wey be children dey like pink?
pcm_000937|We dey go practice on Saturday
pcm_000939|(1) Why wedding gown dey always dey white?
pcm_000942|June na the month wey dey divide the year
pcm_000944|Mararaba market for Nassarawa state na on Sundays
pcm_000957|I see two black triangles with brown ball for thier middle for the same line.
pcm_000963|I de see sun for here wey dey shine behind cloud
pcm_000964|Dis one na bicycle
pcm_000965|Dis one na open land with better ventilation because of the green grass and trees wey dey di place
pcm_000967|For here na 3 yellow banana wey don ripe for front of di tree
pcm_000969|Dis picture get four small small green circles and we fit call dem balls for inside one light blue box like dat
pcm_000970|Dis one na one big sky blue circle wey get star for inside the middle.
pcm_000971|For here na window wey dem open with one small flower put wey de for the window
pcm_000972|Dis one na person wey wear yellow trouser with chocolate color shirt dey read news paper on top brown chair
pcm_000973|Dis one na snake wey de ready to bite person on to branch of tree
pcm_000974|This one na tomatoes and carrot o. Dem don ripe already
pcm_000975|Dis one na environment wey volcano de, the land con green
pcm_000977|Dis one na happy family. Papa, mama and pikin
pcm_000978|Dis one na person wey dey play ball. Di person face no show sha because di picture na di person shadow
pcm_000979|One footballer score goal, as the ball dey the net one photographer snap the ball inside net con capture am with sky.
pcm_000981|One green triangle dey on top one blue circle wey dey like ball
pcm_000982|Dis one na umbrella wey get white, red, blue and green colors
pcm_000983|Apple wey worm don dey follow chop
pcm_000985|Dis one na grey love shape wey dey on top one orange log, like wood wey de stand
pcm_000986|Dis picture carry one big circle wey dey like ring, for the middle 3 small small yellow square dey inside and dem dey arranged for front of each other.
pcm_000988|Dis one na black and white female cow wey don big already. Dem fit even comot milk from this one
pcm_000990|Dis pink and white horse just dey happy dey play around under sun
pcm_000991|Dis one na full moon wey photographer snap for night for water side. See as the water de show the brightness of the moon sef
pcm_000993|Di high temperature today go be 38C
pcm_000994|E go dey around 36C
pcm_000997|18C
pcm_000998|E go de around 10C. E fit even go down
pcm_000999|Dis one na purple circle wey dey for front of grey triangle
pcm_001000|Four times five go give you twenty
pcm_001002|4 cups wey dem arrange keep make dem use drink small coffee take calm body small
pcm_001004|Around 2am on Wednesday rain go fall small and sleep go sweet weather sef go read dat kind 1C
pcm_001005|Wan third of sixty go give you twenty
pcm_001006|Dis one na bees wey be friends dey fly around just dey stroll dey gist
pcm_001008|Eight times nine go give you seventy two
pcm_001009|Wan plus two go give you three
pcm_001012|If na cool day, di weather suppose dey around 21C
pcm_001013|Twelve times four go give you forty eight
pcm_001014|One million times one five go give you two hundred thousand
pcm_001015|Sixty divide by two go give you thirty
pcm_001017|Three four of one hundred and twenty go give you ninety
pcm_001019|Di bus na sixteen seater but dem no reach sixteen people inside
pcm_001020|Yesterday na your first time wey you come here but today you first me come
pcm_001021|Two five of eighty go give you thirty two
pcm_001022|Since wey we dey waka na di first tall mountain wey I dey see be dis
pcm_001023|E suppose dey around 9C with better breeze
pcm_001024|Dis one na different type of shapes with different colors wey dem arrange on top each other. Red dey, green dey, yellow dey, even brown join sef
pcm_001025|One half plus one six go give you two three
pcm_001028|Ten times ten go give you hundred
pcm_001029|Na di third month of the year my mama born me
pcm_001030|One ten of one million go give you one hundred thousand
pcm_001031|For here e show say sun go shine well well with small better breeze. The temperature go even hot reach 30掳c
pcm_001032|Eleven times one hundred and ten go give you one thousand two hundred and ten
pcm_001033|One five of twenty plus thirty plus forty go give youeighteen
pcm_001035|Wan fourth of twenty go give you five
pcm_001036|Di girl carry third position for di competition
pcm_001037|Seven times eight go give you fifty six
pcm_001039|Di boy first name na David
pcm_001041|You de share hundred thousand for hundred people
pcm_001043|Six plus seven go give you thirteen
pcm_001044|One hundred times one four go give you twenty five
pcm_001045|If una be forty for class, una suppose get chairs wey reach forty.
pcm_001046|Everybody get right to choose where Dem wan say Dem come from. If person one change from where e come from,law go still back am up
pcm_001047|Dis one na apple wey person don cut to chop
pcm_001048|As Arsenal dey play with Madrid na Declan rice score the second goal with another free kick
pcm_001049|Na our earth be di third planet wey dey solar system if you no know
pcm_001050|Dat hospital just gather plenty nurses but na the third nurse wey come I like
pcm_001051|Everybody get right to get em own property or get am with other people. Nobody go carry another person property when e need am.
pcm_001052|Kalu Nwankwo get foundation wey dey support people wey no get money to take care of the their self.
pcm_001054|She wan buy five pencil but di one wey dey no reach five
pcm_001056|Abuja,Lagos,Kano, Ibadan,Port Harcourt, Kaduna, Kebbi, Sokoto, Ogun, Kwara,
pcm_001061|Peter and Paul Okoye don separate dey sing their own songs.
pcm_001064|John Okafor (Mr ibu) wey be actor even say him don die. Dem still dey remember am because him dey make people laugh.
pcm_001065|Kaduna Governor Uba Sani na Senator before
pcm_001068|Aliko Dangote follow for one of the richest men for the world
pcm_001069|Uche Nancy dey produce better better film wey person fit learn from.
pcm_001070|"Benin
Chad
Cameroon 
Ghana
Togo 
Liberia 
The Gambia
Cote D'Ivoire 
Burkina Faso"
pcm_001075|Goodluck Ebele Jonathan serve as president for May 29,2010
pcm_001077|Wuse 2 dey different from Wuse zone 2 for Abuja
pcm_001080|Sahara Desert be di largest hot desert for di world wey cover most of North Africa.
pcm_001085|Saturdays na for wedding plus washing
pcm_001086|Enugu na where coal plenty.
pcm_001087|Garri na everyday food for Nigeria, people go drink am with cold water and sugar or chop am with soup.
pcm_001088|"Famous cities wey dey Nigeria na
Abuja wey be the capital territory FCT 
Lagos 
Kano
Port Harcourt 
Kaduna 
Ibadan 
Enugu 
Benin city 
Calabar 
Jos"
pcm_001089|Abbas Tajuddeen na em be tok-tok man of National Assembly
pcm_001090|Cote D'Ivoire hosted AFCON in 2023
pcm_001091|If you wan enjoy Nigerian Fried Rice, e go sweet pass if you add some chicken and beef.
pcm_001097|After Suya roast well, e go sweet if you chop am with onions and tomatoes.
pcm_001098|Berger junction na better bus stop for Abuja
pcm_001099|Ebute metta for Lagos na popular business place for Lagos where buying and selling dey happen well well and na that place Dem dey sell motorcycle wey be okada well well.
pcm_001100|Nigeria Labor congress (NLC) dey shook eye for everything wey concern how workers go dey comfortable and say Dem treat Dem well.
pcm_001102|"Wey Lagos dey locate?
Answer: Lagos dey locate for di southwestern part of Nigeria"
pcm_001103|If you no sabi how to cook Pounded Yam, you no go fit enjoy soup like egusi or ogbono well.
pcm_001105|Good Friday to Easter Monday, Christians dey reflect on Jesus sacrifice while still dey enjoy small holiday with family.
pcm_001106|d El-Fitr celebration mark di end of fasting month. Families dey gather to eat, pray and show love to neighbors.
pcm_001108|Labour Day na special day wey we take dey celebrate di contributions of workers across Nigeria.
pcm_001112|Ofada Rice wey dey served with Ofada sauce go always make you full after you chop am.
pcm_001113|Godswill Akpabio na em be senate president
pcm_001114|"Wetin be di main tins Lagos dey known for?
Answer: Lagos dey known for im economy, music, an Nollywood film industry"
pcm_001115|For Yoruba land, dem sabi cook Efo Riro with plenty spinach and spices to make am sweet.
pcm_001116|Economic and financial crimes commission (EFCC) na organization wey dey chuk eyes for money magu-magu matter matter for Naija wey we dey
pcm_001121|Me and my friend no dey go school on Thursday
pcm_001122|Chad dey for central Africa. Dem get over 200 ethnic groups wey get their own language and traditons. Na here you go see Sahara desert.
pcm_001124|"Which roasted meat snack people dey like chop for street, especially with pepper and onions?
Answer:
Na Suya."
pcm_001125|Muslims dey go mosque for Juma'at every Friday
pcm_001127|Why dem pent my school blue color?
pcm_001129|I go enta market on Tuesday
pcm_001130|January 1st na day of new beginning. Nigerians dey pray, set goals, and celebrate with family for New Year.
pcm_001133|Id El-Kabir na important Islamic holiday, on dis day, faithfuls dey slaughter ram to celebrate Abraham willingness to sacrifice for Allah.
pcm_001134|Independence Day na one of the public holiday wey students dey enjoy pass - no school, just parade and party!
pcm_001137|I n dey like anything wey concern color black
pcm_001146|Three pawpul shapes
pcm_001148|Picture of cloud an green trees
pcm_001149|Pawpul sirku and ash trayangulu
pcm_001150|Sun dey comot from dị east
pcm_001151|Dat boy play ball for inside dị net
pcm_001154|Two black traingulu wey one sirku dey inside
pcm_001157|I cross two bridge bifor I enta my villa
pcm_001159|One cow dey chop grass wey dey grow unda tree
pcm_001162|Three gold color kad and two blue sirku
pcm_001163|I see blue mountain one day for my dream
pcm_001164|Sea green box wey get four green dots
pcm_001166|Mumsi lick three banana today
pcm_001167|I get flower vase for my widow side
pcm_001168|Pink an white horse wey sabi run
pcm_001169|Three yellow cards wey dey inside one round plate
pcm_001170|From mornin to night na rain rain go dey fall
pcm_001171|Ash love shape on top one gold cone
pcm_001172|Sun no go too dey for sky today
pcm_001173|John sabi drive black baisikul
pcm_001174|My pale sitdown for im chair dey read one newspaper
pcm_001175|Three bees dey on top of three flowers
pcm_001176|Dis umbrella carry plenty colors
pcm_001177|Brown snake tie imsef onto tree
pcm_001178|Six books wey dey onto each other
pcm_001179|One black dog dey pursue ball
pcm_001180|See dis two an half orange
pcm_001181|My pale plant flower for our house
pcm_001182|Green trayangulu dey on top one sirku
pcm_001183|Dị anoki nama wey eat my plant get mixture of black an white color for im bodi
pcm_001184|Today weda go dey very hot
pcm_001185|we no go see sun for sky today, na rain go dey fall throughout di day
pcm_001186|One black boy play ball come inside our compound
pcm_001188|One an haf green apple dey ontop table
pcm_001189|Wan plus two dey equal to three
pcm_001190|Eight times nine dey equal to seventy two
pcm_001191|Sixty divide by two na thirty
pcm_001192|Wan half times wan hundred dey equal to fifty
pcm_001193|Eleven plus three na forteen
pcm_001194|Twelve times four dey equal to forty eight
pcm_001196|Two fifth times eighty na thirty two
pcm_001197|"For tonight, dem go get temperature of twenty-one degrees Celsius."""
pcm_001198|Wan forth times twenty na five
pcm_001200|Six plus seven dey equal to thirteen
pcm_001201|One thousand plus one out of five equal two hundred thousand .
pcm_001204|Seven times right dey equal to fifty six
pcm_001205|One hundred plus one out of four equal twenty-five
pcm_001206|Wan third times sixty dey equal to twenty
pcm_001209|One out of two plus one out of six equal two out of three.
pcm_001210|We all dey igual bifo di law.
pcm_001211|Three fourth times wan hundred an twenty dey equal to ninety
pcm_001212|Wan fifth times open bracket twenty wey dem add thirty an forty dey equal to eighteen
pcm_001213|River Niger na one of di longest Riva
pcm_001214|We get five house for my street but na my house bi di fifth house
pcm_001215|Earth be di third planet wey get life
pcm_001216|I be di third child for my family
pcm_001217|One out of ten plus one na equal one hundred thousand. .
pcm_001219|first mountain be di highest among all di mountains.
pcm_001222|My palee mary four wife na my mama be di fourth wife
pcm_001223|Bola score ten goal today
pcm_001224|My palee join dị group of nurses wey Japa
pcm_001225|We dey ten for class an my friend carry tenth position
pcm_001227|I born for July fourth
pcm_001228|Evribodi get di rait to edukeshon.
pcm_001229|My mother born wan pikin an na me bi di first pikin.
pcm_001231|Three out of eight times eight equal three
pcm_001235|Evribodi get di rait to mari an get famili.
pcm_001237|Nkem Owoh na Igbo man
pcm_001240|Nobodi fit tak away dis raitz an freedom from us.
pcm_001242|Jennifer John na my bifor bifor neighbor
pcm_001245|Mary Slessor na di woman wey stop the killing of twins
pcm_001252|Cameron get two official languages: English an French.
pcm_001253|"Question: Wey Cameroon dey?

Answer: Cameroon dey for Central Africa."
pcm_001255|Ebere Okaro na one pesin wey sabi make pipu laf for fim
pcm_001256|Evribodi get di rait to get an own propati.
pcm_001257|Nnamdi Azikiwe be di first president of Nigeria
pcm_001258|Benin Republic na kontri for West Africa wey get border wit Naija.
pcm_001262|Onitsha na one town wey dey for di Easta aria of Riva Niger wey dey inside Anambra Stet for Naija.
pcm_001263|Dị kapital of Ghana na Accra
pcm_001267|Muhammadu Buhari be di president of Nigeria since 2015.
pcm_001268|The 3 grop wey plenti pas for Naija na Awusa, Ibo and Yoroba; all dis ethnic grop get pass 250 langwej.
pcm_001269|Ibrahim Musa na confam Hausa guy. Cha
pcm_001271|"Who be di president of Naija from 1999 to 2007? 
Olusegun Obasanjo be di president of Naija from 1999 to 2007"
pcm_001277|"Wetin be di occupation of Olusegun Obasanjo bifor im become president?

Olusegun Obasanjo be military general bifor im become president."
pcm_001278|"Question: Wetin bi di offishal langwej of Cameroon?

Answer: Di offishal langwej of Cameroon be English an French."
pcm_001279|Victoria Falls dey Zambia an Zimbabwe an be one of di biggest waterfall for di world.
pcm_001280|Ewedu na Yoruba people food
pcm_001281|Akara dey go well with akamu
pcm_001282|"Question: Wetin bi di capital of Cameroon?

Answer: Di capital of Cameroon na Yaoundé."
pcm_001283|. Mount Kilimanjaro be di highest mountain for Africa wey dey Tanzania.11
pcm_001284|Cape of Good Hope dey South Africa
pcm_001285|Dem dey use rice do tuwo
pcm_001287|Akidi na korekt Igbo food wey sweet well well.
pcm_001288|Egwusi soup and fufu dey go wella
pcm_001289|"Which food dem dey cook for Pati well well?
Jellof rice"
pcm_001291|Fufu na very common food among dị Igbo.
pcm_001292|Bean dey make children grow quick quick
pcm_001294|Dem cassava dey make eba
pcm_001295|River Benue dey flow through Nigeria an Cameroon
pcm_001296|"Wetin be the common food for Naija?
Jellof rice"
pcm_001297|Olusegun Obasanjo be di president wey rule Nigeria two times.
pcm_001298|. Abuja be di capital city of Nigeria wey dem establish for 1991.
pcm_001300|Corn na better food for Naija
pcm_001302|Sahara Desert be di largest hot desert for di world wey cover most of North Africa.
pcm_001303|"1: Wey Wizkid come from?
Answer: Wizkid come from Surulere, Lagos, Nigeria."
pcm_001305|Igbo people dey celebrate New Yam Festival wit plenty music an dance.
pcm_001306|Yakubu Gowon be di military head of state wey rule Nigeria from 1966 to 1975.
pcm_001307|Di Economic Community of West African States (ECOWAS) be one of di most important organizations for West Africa.
pcm_001311|I go enta market on Tuesday
pcm_001312|10. Lake Victoria be di largest lake for Africa wey dey Tanzania, Uganda, an Kenya.
pcm_001314|"Wetin be di main tins Lagos dey known for?
Answer: Lagos dey known for im economy, music, an Nollywood film industry"
pcm_001315|Me an my friend go school for Thursday
pcm_001317|Dem pent my school blue color
pcm_001318|Ramadan be di holy month wey Muslims dey fast from morning till night.
pcm_001319|Every year, Christians for Nigeria dey celebrate Christmas Day wit plenty food an drinks.
pcm_001320|December na end of di year
pcm_001321|Every year, some Muslims for Nigeria dey go Hajj to Mecca to perform di Islamic pilgrimage.
pcm_001322|Muslims for Nigeria dey celebrate Eid-al-Kabir wit plenty sacrifice an sharing of food.
pcm_001323|Dem born Ojo for January
pcm_001324|Di Nigerian National Petroleum Corporation (NNPC) dey control di oil an gas sector for Naija.
pcm_001325|During Lenten period, Christians for Nigeria dey fast an pray to God.
pcm_001327|Eidel-Maulud be di day wey Muslims dey celebrate di birthday of Prophet Muhammad.
pcm_001329|Di African Union (AU) dey work towards di unity an development of Africa.
pcm_001330|Wednesday na my birth month
pcm_001331|I no like color red
pcm_001332|Di Central Bank of Nigeria (CBN) dey regulate di financial sector an manage di economy of Naija
pcm_001333|Easter Monday be di day wey Christians dey celebrate di resurrection of Jesus Christ.
pcm_001334|I no go church for this Sunday.
pcm_001336|Yellow arrow cut pink circle for middle.
pcm_001339|Dem shoot ball enter net.
pcm_001343|De boy paint one brown circle between two black triangle on the wall.
pcm_001344|Artist paint white star for inside sky blue circle.
pcm_001345|One boy dey observe the beautiful view of clouds, mountains and trees from afar.
pcm_001346|Drone shot picture wey dey show cloudy evening for one island where mountains surround de river.
pcm_001347|Two ripe tomatos and one carrot.
pcm_001348|Di Sun dey shine wella for afternoon behind di clouds.
pcm_001349|Deep blue circle dey between two yellow kite.
pcm_001350|Green circle shapes on top turquoise blue box.
pcm_001351|One purple circle dey front grey triangle, e hide half of am.
pcm_001353|Full moon dey reflect on top water for night.
pcm_001354|On a sunny afternoon, one cow dey chop grass inside one beautiful garden near tree.
pcm_001355|The student arrange three yellow squares inside lilac circle.
pcm_001356|Drawing of grey colour heart on top yellow cylinder.
pcm_001359|Ayo arrange six books on top each other. Di books get different colors like blue, pink, and green. Dem be hardcover books, and di arrangement of di books dey slightly tilted.
pcm_001361|Dark dog dey play fetch with a colourful ball. Di ball get red, white, and blue color. Di dog bend down small, e front leg dey near di ball like e wan touch am
pcm_001362|Blue mountain wey snow cover am on top. Surrounding di mountain na green forest with plenty triangular-shaped trees for ground. For di background na bright blue sky with white clouds.
pcm_001363|Black and white fat cow wey get two sharp horns.
pcm_001371|Two full oranges with leaf on top each and one half orange wey dem don slice.
pcm_001375|Six plus seven na thirteen.
pcm_001376|Seven times eight na fifty-six.
pcm_001377|One girl put three Ash pentagon for inside purple rectangle.
pcm_001380|The day go warm, temperature go reach about 28°C with clear sky and no rain.
pcm_001383|Eight times nine na seventy-two.
pcm_001384|One plus two na three.
pcm_001388|Eleven plus three na fourteen.
pcm_001390|E go really cool today, temperature go drop to 12°C, and everywhere go clear for the whole day.
pcm_001392|One-quarter of twenty na five.
pcm_001395|One-tenth of one million na one hundred thousand.
pcm_001396|One-half plus one-sixth na two-thirds.
pcm_001398|One million times one-fifth na two hundred thousand.
pcm_001399|The weather no too good today, plenty rain, strong wind, and cloudy sky, so better stay inside.
pcm_001402|Three over eight times eight na three.
pcm_001404|One hundred times one-quarter na twenty-five.
pcm_001405|One-half of one hundred na fifty.
pcm_001406|One-fifth of di sum of twenty, thirty, and forty na eighteen.
pcm_001407|Three-quarters of one hundred and twenty na ninety.
pcm_001408|Eleven times one hundred and ten, na one thousand two hundred and ten.
pcm_001409|Twelve times four na forty-eight.
pcm_001410|Ten times ten na one-hundred.
pcm_001412|Di manager go mark im first anniversary for im first tech startup on di first of February.
pcm_001414|The first goal na for the first half, the second one follow immediately after, and the third come in the last minute of the game.
pcm_001416|One-third of sixty na twenty.
pcm_001420|Sixty divide by two na thirty.
pcm_001421|The first nurse wey come out na im get the most experience, the second one dey try learn quick.
pcm_001427|The first river long pass all the others, but the second one still dey flow from east to west.
pcm_001428|The first month of the year na January, and the second month na February.
pcm_001430|The first mountain get the highest peak, the second one dey beside am but e no high reach the first.
pcm_001431|The first planet near the sun na Mercury, while the second one na Venus.
pcm_001432|The first animal wey fast pass all na cheetah, the second fast one na lion.
pcm_001433|Di one-year-old pikin wey dey celebrate im seventh birthday finish for class with seventh position.
pcm_001434|Six-feet tall Tayo wear six-inch heel.
pcm_001435|Di five-year-old pikin go dey celebrate im fifth birthday.
pcm_001441|"Everybody get the right to nationality
No one fit lose their nationality or make dem deny am the right to change nationality."
pcm_001443|"Everybody get the right to own property alone or with other people.
No one fit lose their property for no reason."
pcm_001449|Ngozi and Chuka don dey work together on community project to improve education for their village for Enugu.
pcm_001450|After Titi finish her studies for Cameroon, she come back to Lagos to start her own busines
pcm_001454|"Wetin be di population for Togo?

Di population of Togo be about 8 million people."
pcm_001456|"Who be di leader wey serve two terms as president for Nigeria?
Answer:
Na Olusegun Obasanjo. E serve two terms, from 1999 to 2007."
pcm_001459|Olumide and Kemi take road trip go Togo, dem enjoy the beaches and the warm weather.
pcm_001460|Umaru Musa Yar'Adua try to bring peace to Nigeria, but him health no allow am finish him tenure.
pcm_001461|"Benin
Togo
Ghana
Mali
Burkina faso
Gabon
Niger"
pcm_001464|1. Chidera and her friend Folasade dey plan to start tech startup for Lagos after dem finish university.
pcm_001470|Olusegun Obasanjo na one of di longest serving leaders for Nigeria, him serve two terms as president.
pcm_001472|After Suya roast well, e go sweet if you chop am with onions and tomatoes.
pcm_001473|After Abdulsalami Abubakar take over, e help bring military rule to an end and give us democracy
pcm_001479|Lake Chad don shrink over di years, but e still dey important for di countries wey surround am.
pcm_001480|"Which Nigerian rice dish wey get plenty meat and spices, and dem dey always serve am for party?
Answer:
Na Jollof Rice."
pcm_001481|If you wan enjoy Nigerian Fried Rice, e go sweet pass if you add some chicken and beef.
pcm_001485|Central Bank of Nigeria (CBN) na di bank wey control all other banks and Nigeria money matters.
pcm_001487|"Which roasted meat snack people dey like chop for street, especially with pepper and onions?
Answer:
Na Suya."
pcm_001488|Ofada Rice wey dey served with Ofada sauce go always make you full after you chop am.
pcm_001490|People dey climb Olumo Rock for Ogun State to see di beautiful view of di town and learn about history.
pcm_001491|For Sallah, Muslim brothers dey wear new babariga, pray for mosque, and visit friends to share special rice and meat.
pcm_001494|You dey go office on Monday or you wan work from home?
pcm_001495|Abuja na di capital city of Nigeria, and e get plenty government offices and embassies.
pcm_001500|Oga say make all payment reach am before Tuesday evening.
pcm_001503|Na every sunday morning we dey chop rice and beans.
pcm_001504|Akara na breakfast food wey many people chop with pap or custard every morning.
pcm_001508|Wednesday na when NEPA dey bring light for our area.
pcm_001510|You dey work night shift on Thursday?
pcm_001511|d El-Fitr celebration mark di end of fasting month. Families dey gather to eat, pray and show love to neighbors.
pcm_001512|On Good Friday, Christians dey reflect on Jesus crucifixion by fasting, praying and attending special church services.
pcm_001516|If you no sabi how to cook Pounded Yam, you no go fit enjoy soup like egusi or ogbono well.
pcm_001521|During Maulud Nabi, faithfuls dey gather for mosques to listen to sermons about Prophet Muhammad life.
pcm_001526|Independence Day na one of the public holiday wey students dey enjoy pass - no school, just parade and party!
pcm_001528|January 1st na day of new beginning. Nigerians dey pray, set goals, and celebrate with family for New Year.
pcm_001531|March na when my company dey pay first quarter bonus.
pcm_001533|Why you too like di red car?
pcm_001536|You sabi say purple dey give person good luck?
pcm_001538|By January ending, I collect my salary.
pcm_001541|All roads for Lagos mainland go dey busy for December as pipu dey as travel go their hometown.
